{
"type": "FeatureCollection",
"name": "Arunachal_bndry_grojsn",
"crs": { "type": "name", "properties": { "name": "urn:ogc:def:crs:OGC:1.3:CRS84" } },
"features": [
{ "type": "Feature", "properties": { "id": null }, "geometry": { "type": "MultiPolygon", "coordinates": [ [ [ [ 92.195681950982532, 26.891418472562748 ], [ 92.115373710978218, 26.894885850818014 ], [ 92.117803612339927, 26.903770521784455 ], [ 92.118897067952688, 26.907454204749691 ], [ 92.118654077816515, 26.909296001162911 ], [ 92.118532582748429, 26.912437819811259 ], [ 92.114766235637816, 26.916229553444531 ], [ 92.115009225773974, 26.918396201183427 ], [ 92.115616701114405, 26.921646094793296 ], [ 92.115738196182477, 26.92500421985277 ], [ 92.116710156727166, 26.927712312413529 ], [ 92.116710156727166, 26.929987059922272 ], [ 92.114766235637816, 26.933236619638585 ], [ 92.115495206046319, 26.935077995249124 ], [ 92.116224176454836, 26.936486085722173 ], [ 92.117803612339927, 26.938435720425392 ], [ 92.118289592612257, 26.940818561502638 ], [ 92.118411087680357, 26.942768121287475 ], [ 92.117439127135668, 26.943959502336039 ], [ 92.115859691250577, 26.944825953371549 ], [ 92.114644740569716, 26.945367481886571 ], [ 92.11440175043353, 26.946775443849528 ], [ 92.114887730705888, 26.948291690909191 ], [ 92.113915770161199, 26.949591315010167 ], [ 92.113308294820754, 26.951107524185453 ], [ 92.114766235637816, 26.95359839497112 ], [ 92.117682117271855, 26.954843809715243 ], [ 92.118411087680357, 26.958850702883144 ], [ 92.121205474246324, 26.960366787457918 ], [ 92.120112018633549, 26.963940334646818 ], [ 92.11962603836119, 26.966864061648305 ], [ 92.119869028497391, 26.970978808091211 ], [ 92.118289592612257, 26.9731444037157 ], [ 92.116831651795238, 26.974768573096917 ], [ 92.114887730705888, 26.976392719045176 ], [ 92.112457829344194, 26.976392719045176 ], [ 92.109177462505869, 26.977583744513751 ], [ 92.105289620327127, 26.981048474217666 ], [ 92.104682144986739, 26.984837900199881 ], [ 92.105046630190998, 26.987544554915267 ], [ 92.106626066076089, 26.988627198570143 ], [ 92.107112046348448, 26.990034619746087 ], [ 92.106261580871831, 26.991766806252762 ], [ 92.1057756005995, 26.993823743085741 ], [ 92.105046630190998, 26.995772385387905 ], [ 92.104317659782481, 26.997504483535835 ], [ 92.10380130574309, 27.000048454325448 ], [ 92.103922800811191, 27.001347481042099 ], [ 92.103436820538846, 27.002646492751555 ], [ 92.10380130574309, 27.004270236283769 ], [ 92.097848047406913, 27.008491859716788 ], [ 92.09456768056863, 27.01000727561199 ], [ 92.095175155909061, 27.011197945196752 ], [ 92.093231234819683, 27.013038046108758 ], [ 92.088857412368625, 27.013903965525031 ], [ 92.086913491279248, 27.014445161772098 ], [ 92.085820035666487, 27.015527546447338 ], [ 92.083147144168606, 27.01606873487545 ], [ 92.079502292126065, 27.01747581259054 ], [ 92.078287341445218, 27.018666403048819 ], [ 92.078773321717549, 27.020722847761729 ], [ 92.078165846377118, 27.021696940014426 ], [ 92.077558371036687, 27.022671023821225 ], [ 92.07840883651329, 27.023861559226148 ], [ 92.078530331581376, 27.024619166096272 ], [ 92.077679866104788, 27.026567274585201 ], [ 92.078165846377118, 27.028948250186872 ], [ 92.079866777330324, 27.030138719059337 ], [ 92.08059574773884, 27.032194953751791 ], [ 92.081810698419659, 27.033493608895057 ], [ 92.082782658964348, 27.03479224901891 ], [ 92.082175183623946, 27.037389484206361 ], [ 92.081810698419659, 27.039012725687559 ], [ 92.081810698419659, 27.040635943697637 ], [ 92.07840883651329, 27.041068797869517 ], [ 92.076920521929296, 27.040690050560393 ], [ 92.075341086044176, 27.041988607442669 ], [ 92.073883145227157, 27.042854303684951 ], [ 92.071939224137779, 27.043611782419834 ], [ 92.070845768525018, 27.043070726702275 ], [ 92.068294372095238, 27.045018515079015 ], [ 92.063677559507994, 27.047615513664425 ], [ 92.060032707465425, 27.048481166504384 ], [ 92.054929914605864, 27.051078084956711 ], [ 92.052743003380314, 27.051835508183729 ], [ 92.050556092154793, 27.051078084956711 ], [ 92.049341141473946, 27.050861677381278 ], [ 92.044116853546271, 27.051943711084473 ], [ 92.043873863410099, 27.055081549812673 ], [ 92.042051437388821, 27.057461920647956 ], [ 92.040472001503701, 27.058976675788848 ], [ 92.038163595210108, 27.061465157682491 ], [ 92.036584159324974, 27.063953584361599 ], [ 92.037313129733491, 27.066441955822693 ], [ 92.038042100141993, 27.068389338447009 ], [ 92.036827149461161, 27.07109398042445 ], [ 92.034397248099452, 27.074231283372246 ], [ 92.032331831942003, 27.076394889417646 ], [ 92.031967346737758, 27.078125744182675 ], [ 92.031724356601558, 27.079207514836401 ], [ 92.030873891124983, 27.080830151237752 ], [ 92.031359871397314, 27.082560937501459 ], [ 92.031238376329242, 27.084291697030846 ], [ 92.031724356601558, 27.086292854408672 ], [ 92.031845851669672, 27.090295061928053 ], [ 92.031359871397314, 27.091917537754796 ], [ 92.030995386193055, 27.093107338423994 ], [ 92.028808474967548, 27.096676664593105 ], [ 92.029294455239878, 27.098623521826092 ], [ 92.030266415784538, 27.099705094551609 ], [ 92.027958009490945, 27.101543744207618 ], [ 92.026986048946256, 27.103382363668654 ], [ 92.025528108129237, 27.104463890422618 ], [ 92.024799137720734, 27.105869859581702 ], [ 92.024070167312232, 27.107492109744928 ], [ 92.023098206767543, 27.109330631506836 ], [ 92.0232197018356, 27.110844685575206 ], [ 92.024556147584562, 27.113007584426619 ], [ 92.024799137720734, 27.114305303671507 ], [ 92.026257078537753, 27.115278583228587 ], [ 92.026014088401567, 27.116900697010578 ], [ 92.028322494695203, 27.120469264548809 ], [ 92.031359871397314, 27.122631977353247 ], [ 92.032574822078189, 27.125443441486006 ], [ 92.033303792486691, 27.127281668285491 ], [ 92.033546782622864, 27.129417217361151 ], [ 92.034154257963309, 27.13233663618632 ], [ 92.034761733303711, 27.13503973380017 ], [ 92.0357336938484, 27.136337197440813 ], [ 92.0357336938484, 27.137959005815663 ], [ 92.035612198780314, 27.139797026862311 ], [ 92.035855188916472, 27.141202551975283 ], [ 92.034518743167553, 27.14314863449081 ], [ 92.032210336873931, 27.146283918375836 ], [ 92.032453327010103, 27.148229912404627 ], [ 92.033303792486691, 27.149419114293632 ], [ 92.032210336873931, 27.151905586432662 ], [ 92.031724356601558, 27.154013639027685 ], [ 92.030387910852653, 27.155202779352173 ], [ 92.028565484831347, 27.156824313938774 ], [ 92.028929970035605, 27.158662024678602 ], [ 92.028322494695203, 27.160715900898143 ], [ 92.027350534150514, 27.162661643525443 ], [ 92.027472029218586, 27.166228750285288 ], [ 92.027229039082442, 27.168931028020037 ], [ 92.028200999627103, 27.169687654064294 ], [ 92.029537445376036, 27.171957501426697 ], [ 92.033303792486691, 27.174659640484656 ], [ 92.035247713576069, 27.175848560945209 ], [ 92.036584159324974, 27.178550605796264 ], [ 92.036948644529232, 27.180604116125824 ], [ 92.040107516299443, 27.181792973253685 ], [ 92.04302339793351, 27.181792973253685 ], [ 92.04508881409096, 27.181901050546266 ], [ 92.048004695725012, 27.182657588662877 ], [ 92.051892537903726, 27.184278724495336 ], [ 92.054565429401606, 27.18676442035175 ], [ 92.057238320899458, 27.188925849986681 ], [ 92.059060746920764, 27.193896979193308 ], [ 92.059789717329281, 27.196868744080568 ], [ 92.05857476664842, 27.199246098964654 ], [ 92.05857476664842, 27.200866993684883 ], [ 92.060397192669683, 27.204432879112822 ], [ 92.0612476581463, 27.207458389413134 ], [ 92.061976628554802, 27.210267718294393 ], [ 92.064649520052654, 27.211996500866409 ], [ 92.06586447073353, 27.213076976353815 ], [ 92.068172877027166, 27.213941349200088 ], [ 92.068901847435669, 27.215886163586458 ], [ 92.069144837571827, 27.217182687650283 ], [ 92.069266332639927, 27.21869527998733 ], [ 92.069873807980329, 27.219775690510708 ], [ 92.069873807980329, 27.22139628664738 ], [ 92.069630817844171, 27.222908821768222 ], [ 92.07048128332076, 27.224205264094614 ], [ 92.070724273456932, 27.225609726251108 ], [ 92.07096726359309, 27.22777040267486 ], [ 92.071210253729262, 27.229714975610669 ], [ 92.071574738933521, 27.23382007361467 ], [ 92.071817729069707, 27.235872565853487 ], [ 92.07108875866119, 27.238033043114729 ], [ 92.070116798116501, 27.238627167009852 ], [ 92.068780352367568, 27.240571550310868 ], [ 92.065621480597358, 27.243596079035967 ], [ 92.063434569371836, 27.244460215001705 ], [ 92.061369153214372, 27.245756406367608 ], [ 92.060518687737783, 27.247592651621506 ], [ 92.060397192669683, 27.251049031061747 ], [ 92.057845796239903, 27.252345145665963 ], [ 92.054565429401606, 27.252561163298409 ], [ 92.051528052699467, 27.253533237453031 ], [ 92.048976656269687, 27.253857260283421 ], [ 92.04751871545264, 27.254613309883521 ], [ 92.046182269703721, 27.255477360276437 ], [ 92.044481338750529, 27.255369354344417 ], [ 92.042537417661151, 27.255369354344417 ], [ 92.038528080414366, 27.255045335919039 ], [ 92.037799110005821, 27.257097436670513 ], [ 92.038042100141993, 27.259365503974195 ], [ 92.04144396204839, 27.260661521664531 ], [ 92.044481338750529, 27.264441486981227 ], [ 92.046303764771807, 27.266925394216752 ], [ 92.046911240112252, 27.269625230437263 ], [ 92.048855161201573, 27.269733222522134 ], [ 92.051406557631395, 27.270597155423953 ], [ 92.054808419537778, 27.270489164178464 ], [ 92.057724301171831, 27.271569071911831 ], [ 92.05966822226118, 27.272540979900683 ], [ 92.062219618690946, 27.271785052199398 ], [ 92.062219618690946, 27.273404890977861 ], [ 92.06379905457608, 27.274268795339452 ], [ 92.064892510188841, 27.275888597916353 ], [ 92.067565401686707, 27.277400392352511 ], [ 92.069509322776071, 27.276428526861825 ], [ 92.071453243865449, 27.277292407717745 ], [ 92.072546699478224, 27.278372249342947 ], [ 92.075705571248434, 27.278696199784111 ], [ 92.076799026861195, 27.276860468129311 ], [ 92.078135472610128, 27.275456652871092 ], [ 92.079471918359076, 27.274268795339452 ], [ 92.081780324652669, 27.272972936278705 ], [ 92.083359760537803, 27.272217011515419 ], [ 92.085182186559081, 27.270921128530901 ], [ 92.087247602716531, 27.269301253553113 ], [ 92.089070028737794, 27.269733222522134 ], [ 92.090527969554813, 27.269733222522134 ], [ 92.092107405439947, 27.268869282905364 ], [ 92.094780296937799, 27.271029119356704 ], [ 92.096116742686732, 27.270273181372694 ], [ 92.096602722959091, 27.269301253553113 ], [ 92.09806066377611, 27.269625230437263 ], [ 92.099518604593143, 27.268653296951975 ], [ 92.101584020750565, 27.268653296951975 ], [ 92.104378407316545, 27.268329317234993 ], [ 92.107658774154842, 27.269949206377124 ], [ 92.110210170584608, 27.269733222522134 ], [ 92.112761567014431, 27.269193261048546 ], [ 92.115555953580383, 27.270921128530901 ], [ 92.118593330282494, 27.271461081610653 ], [ 92.120780241508058, 27.27275695829956 ], [ 92.121995192188891, 27.274268795339452 ], [ 92.122845657665479, 27.276104569809348 ], [ 92.124425093550599, 27.27750837688232 ], [ 92.124546588618671, 27.278372249342947 ], [ 92.124425093550599, 27.27956006300963 ], [ 92.124789578754857, 27.28182767201988 ], [ 92.124911073822929, 27.282313582214776 ], [ 92.123574628073982, 27.283177417313539 ], [ 92.123210142869723, 27.28458113502241 ], [ 92.122481172461221, 27.285660905805013 ], [ 92.123088647801652, 27.287280542298284 ], [ 92.12138771684846, 27.288360286839634 ], [ 92.119686785895297, 27.290087856271921 ], [ 92.118471835214422, 27.291599457480597 ], [ 92.116163428920785, 27.292787129710053 ], [ 92.113369042354833, 27.294190725967734 ], [ 92.112397081810172, 27.295378370481618 ], [ 92.11008867551655, 27.296350070180413 ], [ 92.107901764291015, 27.297321761374953 ], [ 92.105593357997378, 27.298401408283404 ], [ 92.102920466499526, 27.300884556326366 ], [ 92.101341030614407, 27.302072129233387 ], [ 92.098789634184627, 27.303259689434718 ], [ 92.09599524761866, 27.303907444189111 ], [ 92.09332235612078, 27.303799485325907 ], [ 92.091013949827143, 27.30433927859184 ], [ 92.088827038601622, 27.305094984753655 ], [ 92.087490592852646, 27.305823696536404 ], [ 92.085911156967526, 27.307119172335888 ], [ 92.084331721082435, 27.308522587386438 ], [ 92.082630790129244, 27.309818031679736 ], [ 92.080808364107938, 27.31143731577858 ], [ 92.079228928222847, 27.311869120880502 ], [ 92.078135472610086, 27.313164526103201 ], [ 92.075219590976047, 27.316402972987134 ], [ 92.072911184682425, 27.319317494352326 ], [ 92.072182214273923, 27.320936639797971 ], [ 92.070602778388789, 27.321908115719502 ], [ 92.069387827707942, 27.322771642728089 ], [ 92.068294372095181, 27.323958981386152 ], [ 92.066957926346248, 27.325793934307189 ], [ 92.065864470733487, 27.326873304194379 ], [ 92.065135500324971, 27.328708208888838 ], [ 92.064042044712195, 27.331190678670129 ], [ 92.063799054576037, 27.334644457197761 ], [ 92.064285034848353, 27.336263378838787 ], [ 92.063070084167492, 27.338313978971723 ], [ 92.062462608827076, 27.342522986690206 ], [ 92.060883172941985, 27.344465551716304 ], [ 92.058939251852621, 27.346516000073358 ], [ 92.056995330763229, 27.348134748286238 ], [ 92.054565429401549, 27.350670739596591 ], [ 92.052621508312185, 27.352613161759159 ], [ 92.052500013244114, 27.35477136865428 ], [ 92.050677587222836, 27.356389996225772 ], [ 92.049948616814333, 27.358440223853755 ], [ 92.048612171065386, 27.359735084902706 ], [ 92.047883200656841, 27.362540565227896 ], [ 92.048369180929214, 27.36674865242016 ], [ 92.048490675997272, 27.369877639195973 ], [ 92.048369180929214, 27.372035509571585 ], [ 92.048612171065386, 27.373761775578156 ], [ 92.048369180929214, 27.376027458844504 ], [ 92.049705626678147, 27.378077322777006 ], [ 92.050677587222836, 27.379156183276606 ], [ 92.052985993516444, 27.379479839374987 ], [ 92.054079449129219, 27.382176936704987 ], [ 92.055051409673879, 27.385305487225033 ], [ 92.053350478720688, 27.387355179240124 ], [ 92.054322439265391, 27.389728459378905 ], [ 92.055051409673879, 27.392155625020131 ], [ 92.054808419537707, 27.395607502162257 ], [ 92.055658885014324, 27.397764870647343 ], [ 92.056144865286655, 27.40013792735337 ], [ 92.054443934333449, 27.402187344418824 ], [ 92.053350478720688, 27.404128862374737 ], [ 92.05092057735898, 27.405638908315424 ], [ 92.048490675997272, 27.407472507789169 ], [ 92.047640210520697, 27.408766794981492 ], [ 92.047518715452583, 27.410061067013096 ], [ 92.045696289431319, 27.41211030005617 ], [ 92.044116853546228, 27.414267346406223 ], [ 92.043023397933467, 27.415238003522621 ], [ 92.041443962048334, 27.415345853786835 ], [ 92.03962153602707, 27.4151301531531 ], [ 92.038892565618568, 27.417179292167404 ], [ 92.037434624801534, 27.417826380800477 ], [ 92.038285090278123, 27.419767623953316 ], [ 92.038163595210065, 27.421600988934234 ], [ 92.038406585346223, 27.423002953383097 ], [ 92.039986021231329, 27.424836264651905 ], [ 92.04168695218452, 27.425806828883111 ], [ 92.042901902865381, 27.42602250866479 ], [ 92.043995358478128, 27.426885223578385 ], [ 92.042294427524951, 27.428826307486595 ], [ 92.041808447252592, 27.430983027357335 ], [ 92.042537417661137, 27.434433691506431 ], [ 92.042051437388778, 27.436752045893169 ], [ 92.040350506435587, 27.437183362266499 ], [ 92.038285090278123, 27.43793816186361 ], [ 92.035126218507912, 27.438261645824852 ], [ 92.033303792486635, 27.438908610902637 ], [ 92.031359871397257, 27.440094703693969 ], [ 92.028443989763218, 27.44020252967918 ], [ 92.026500068673883, 27.440957308625482 ], [ 92.025528108129194, 27.443437260240056 ], [ 92.024556147584505, 27.445378053056114 ], [ 92.022369236358983, 27.447642268189284 ], [ 92.021761761018539, 27.449798620347046 ], [ 92.02188325608661, 27.451415856800871 ], [ 92.022126246222783, 27.454326822659187 ], [ 92.022126246222783, 27.456375234055251 ], [ 92.023098206767486, 27.457776756770329 ], [ 92.022612226495113, 27.460148523858962 ], [ 92.022733721563228, 27.463059259189475 ], [ 92.020303820201534, 27.465646514964376 ], [ 92.020425315269591, 27.46812591143048 ], [ 92.020546810337692, 27.470497455859281 ], [ 92.018481394180256, 27.472329977963852 ], [ 92.018602889248328, 27.475132599884216 ], [ 92.01933185965683, 27.477180624667589 ], [ 92.017995413907897, 27.479013035624192 ], [ 92.01678046322705, 27.480414270496095 ], [ 92.014958037205787, 27.478581882847024 ], [ 92.012528135844065, 27.478797459446529 ], [ 92.010584214754701, 27.479444186713934 ], [ 92.009369264073854, 27.477396204009121 ], [ 92.008032818324921, 27.476857254864367 ], [ 92.00742534298449, 27.475779348665469 ], [ 92.004995441622768, 27.476965044904233 ], [ 92.003416005737677, 27.477719572230452 ], [ 92.001229094512155, 27.478689671199508 ], [ 91.998920688218533, 27.479013035624192 ], [ 91.995397331244064, 27.478366305825652 ], [ 91.992724439746169, 27.47610272163244 ], [ 91.992724439746169, 27.473946883925318 ], [ 91.991145003861078, 27.470389659492362 ], [ 91.989930053180203, 27.467694716051568 ], [ 91.987743141954695, 27.466616720223826 ], [ 91.985556230729159, 27.467155719455619 ], [ 91.98409828991214, 27.465646514964376 ], [ 91.981243155812138, 27.464433746380966 ], [ 91.97735531363341, 27.463894733838686 ], [ 91.971766540501491, 27.466050768193654 ], [ 91.970916075024903, 27.465188359512233 ], [ 91.969822619412142, 27.463463521907197 ], [ 91.965934777233414, 27.462816700847238 ], [ 91.964112351212123, 27.462385484698817 ], [ 91.961317964646184, 27.46022937865586 ], [ 91.955850686582338, 27.460768409119783 ], [ 91.952813309880227, 27.460121572246834 ], [ 91.948317992361041, 27.46087621489632 ], [ 91.946252576203619, 27.461523047341739 ], [ 91.944065664978098, 27.460121572246834 ], [ 91.94005632773127, 27.461846462141299 ], [ 91.938233901709992, 27.46303230828892 ], [ 91.937383436233375, 27.464757152641216 ], [ 91.934953534871681, 27.466050768193654 ], [ 91.933495594054648, 27.46497275628758 ], [ 91.930822702556796, 27.466158568804403 ], [ 91.927542335718485, 27.469931523756649 ], [ 91.924869444220633, 27.472734206678545 ], [ 91.923532998471686, 27.473596556313769 ], [ 91.920009641497188, 27.47327317599143 ], [ 91.918430205612097, 27.47230302933016 ], [ 91.914542363433355, 27.472410823825431 ], [ 91.910654521254642, 27.471871850294626 ], [ 91.908710600165293, 27.472518618215251 ], [ 91.905794718531226, 27.471548464910786 ], [ 91.901177905943996, 27.471009487162164 ], [ 91.897290063765283, 27.470686099247651 ], [ 91.8937667067908, 27.472087440023284 ], [ 91.88914989420357, 27.473704349543649 ], [ 91.887448963250378, 27.47467448386724 ], [ 91.886173265035481, 27.474324158569036 ], [ 91.883500373537629, 27.47486312010491 ], [ 91.880341501767418, 27.474000780382074 ], [ 91.879126551086543, 27.473677401246047 ], [ 91.878458328212048, 27.472599463938398 ], [ 91.877364872599287, 27.47184490154887 ], [ 91.876635902190785, 27.470982538205515 ], [ 91.876210669452504, 27.470659150211933 ], [ 91.873963010692933, 27.470335761269347 ], [ 91.872079837137605, 27.470389659492351 ], [ 91.870986381524844, 27.471683208936035 ], [ 91.870439653718464, 27.472168286062782 ], [ 91.870135916048227, 27.473300124387858 ], [ 91.870075168514177, 27.474054676812464 ], [ 91.869892925912055, 27.47497091209571 ], [ 91.869771430843969, 27.476911149897465 ], [ 91.868981712901416, 27.478851353530484 ], [ 91.866673306607808, 27.480306483831043 ], [ 91.866187326335449, 27.481222667122037 ], [ 91.86472938551843, 27.481276560019502 ], [ 91.863818172507791, 27.482623873886411 ], [ 91.863028454565267, 27.483593929666029 ], [ 91.862420979224837, 27.48472565061077 ], [ 91.860112572931214, 27.483162794818728 ], [ 91.85762192403547, 27.482623873886411 ], [ 91.856710711024803, 27.481815487543869 ], [ 91.85549576034397, 27.481869380151281 ], [ 91.854584547333346, 27.482839442575763 ], [ 91.854402304731209, 27.483647821403284 ], [ 91.854402304731209, 27.484240628772685 ], [ 91.853491091720571, 27.484671759400904 ], [ 91.85239763610781, 27.48456397690207 ], [ 91.852033150903551, 27.485264561259051 ], [ 91.850514462552482, 27.485965141159475 ], [ 91.849603249541843, 27.48639626503693 ], [ 91.848752784065226, 27.485318452178849 ], [ 91.848327551326946, 27.484402302956035 ], [ 91.847234095714171, 27.483971171273044 ], [ 91.846626620373755, 27.483216686766934 ], [ 91.846140640101396, 27.482300520061333 ], [ 91.845533164760994, 27.481060988271459 ], [ 91.844621951750327, 27.480144803635728 ], [ 91.843953728875874, 27.478366305825642 ], [ 91.842860273263113, 27.476911149897465 ], [ 91.84128083737798, 27.475994930748886 ], [ 91.839762149026953, 27.47524039161139 ], [ 91.838243460675869, 27.474378054841239 ], [ 91.836967762460986, 27.473030640126844 ], [ 91.835206083973745, 27.472114388709695 ], [ 91.832897677680108, 27.471791004037613 ], [ 91.83162197946524, 27.47130592525011 ], [ 91.831014504124809, 27.469635081971596 ], [ 91.82998179604607, 27.469203892497195 ], [ 91.828584602763115, 27.468287609262642 ], [ 91.826822924275859, 27.468664903281805 ], [ 91.825000498254582, 27.468233710011603 ], [ 91.822023869086493, 27.470443557688995 ], [ 91.820687423337546, 27.47189879903376 ], [ 91.81807527937373, 27.472491669627662 ], [ 91.816738833624768, 27.472545566796214 ], [ 91.815432761642896, 27.473623504631103 ], [ 91.814339306030135, 27.474054676812464 ], [ 91.812577627542879, 27.474216365945484 ], [ 91.810755201521602, 27.474216365945484 ], [ 91.808325300159908, 27.475132599884208 ], [ 91.805652408662013, 27.475455974749377 ], [ 91.8038907301748, 27.474054676812464 ], [ 91.802918769630111, 27.473138433910336 ], [ 91.801400081279041, 27.47238387521147 ], [ 91.799456160189692, 27.473192330762533 ], [ 91.798058966906694, 27.473839090932678 ], [ 91.796965511293934, 27.473461814628113 ], [ 91.796236540885431, 27.472545566796214 ], [ 91.795446822942878, 27.47152151608595 ], [ 91.793928134591781, 27.470713048276764 ], [ 91.792287951172653, 27.470389659492351 ], [ 91.79028328254924, 27.470659150211933 ], [ 91.787306653381165, 27.470012371377802 ], [ 91.785848712564118, 27.469311690023954 ], [ 91.784390771747127, 27.468503206003181 ], [ 91.783115073532201, 27.467586916943226 ], [ 91.778559008479036, 27.465700415480601 ], [ 91.777040320127952, 27.465269210612739 ], [ 91.773638458221555, 27.46537701198784 ], [ 91.771208556859875, 27.465969917666392 ], [ 91.769507625906684, 27.466239419193247 ], [ 91.768110432623686, 27.466778420270106 ], [ 91.76707772454499, 27.46694012007919 ], [ 91.766166511534337, 27.467586916943226 ], [ 91.766470249204545, 27.469688980537285 ], [ 91.766227259068359, 27.47130592525011 ], [ 91.766045016466236, 27.472761155206783 ], [ 91.766227259068359, 27.473623504631103 ], [ 91.764541514998712, 27.474216365945484 ], [ 91.762962079113592, 27.474431951087102 ], [ 91.761807875966781, 27.474431951087102 ], [ 91.759560217207195, 27.475024808051579 ], [ 91.758709751730606, 27.475024808051579 ], [ 91.757737791185932, 27.475348183233109 ], [ 91.756340597902934, 27.475078703981065 ], [ 91.754214434211463, 27.475563766160196 ], [ 91.753242473666759, 27.475402079004429 ], [ 91.751480795179546, 27.475509870467974 ], [ 91.749962106828477, 27.47497091209571 ], [ 91.749293883954024, 27.473892987442174 ], [ 91.748625661079544, 27.472599463938398 ], [ 91.747592953000833, 27.471952696492284 ], [ 91.745406041775297, 27.471413720720747 ], [ 91.743826605890177, 27.471090333992489 ], [ 91.742186422471036, 27.47092864027249 ], [ 91.740181753847637, 27.470443557688995 ], [ 91.738663065496567, 27.470066269758963 ], [ 91.736597649339117, 27.469904574536407 ], [ 91.733438777568907, 27.469527284761153 ], [ 91.730948128673134, 27.469473386116398 ], [ 91.728518227311426, 27.470389659492351 ], [ 91.726938791426335, 27.470982538205515 ], [ 91.725663093211452, 27.471198129674026 ], [ 91.724205152394418, 27.471036436112183 ], [ 91.722747211577385, 27.471467618416533 ], [ 91.721593008430602, 27.471952696492284 ], [ 91.718859369398658, 27.472922846237907 ], [ 91.717158438445452, 27.473731297834625 ], [ 91.714728537083786, 27.474755328008627 ], [ 91.713513586402911, 27.475833244225861 ], [ 91.713878071607169, 27.478474094389057 ], [ 91.714607042015672, 27.481438238553668 ], [ 91.714607042015672, 27.483647821403284 ], [ 91.714242556811428, 27.485372343072271 ], [ 91.71497152721993, 27.487851295662967 ], [ 91.715093022288031, 27.490033805554813 ], [ 91.715275264890167, 27.490949907928272 ], [ 91.715032274753995, 27.491866002679696 ], [ 91.715214517356117, 27.49262042792822 ], [ 91.715579002560375, 27.493374848007257 ], [ 91.715518255026339, 27.494722013861768 ], [ 91.715821992696547, 27.49596139188824 ], [ 91.716490215571, 27.49671578907272 ], [ 91.716976195843358, 27.497793490367865 ], [ 91.716793953241222, 27.498332337058727 ], [ 91.714181809277406, 27.498332337058727 ], [ 91.713027606130581, 27.497955144652106 ], [ 91.711022937507153, 27.497631835846235 ], [ 91.709200511485889, 27.497847375155661 ], [ 91.707438832998676, 27.497901259917075 ], [ 91.706284629851851, 27.498440106080366 ], [ 91.704279961228451, 27.500002745036653 ], [ 91.701546322196535, 27.500487697443234 ], [ 91.699602401107171, 27.501349829778931 ], [ 91.69850894549441, 27.502373603156038 ], [ 91.697536984949721, 27.503289602841861 ], [ 91.697354742347585, 27.504690528790348 ], [ 91.696139791666752, 27.505444866144742 ], [ 91.693892132907166, 27.505444866144742 ], [ 91.692677182226305, 27.505498747186454 ], [ 91.692282323255014, 27.504852172944464 ], [ 91.690885129972031, 27.503828422624935 ], [ 91.68930569408694, 27.503343484938885 ], [ 91.687483268065662, 27.502265837985867 ], [ 91.686086074782693, 27.501134297328129 ], [ 91.685417851908198, 27.500541580912071 ], [ 91.685782337112457, 27.499787209947847 ], [ 91.685843084646507, 27.499032833813246 ], [ 91.685114114238004, 27.497631835846235 ], [ 91.684142153693315, 27.495584191357274 ], [ 91.683291688216698, 27.494506468432832 ], [ 91.681226272059277, 27.493428734957948 ], [ 91.679768331242258, 27.492997638613922 ], [ 91.677095439744377, 27.492889864264168 ], [ 91.675941236597552, 27.493159299940743 ], [ 91.673450587701794, 27.493267074026754 ], [ 91.671385171544372, 27.492566540581898 ], [ 91.668833775114564, 27.491542675990715 ], [ 91.667193591695423, 27.490249359740154 ], [ 91.663973972391162, 27.487662681666336 ], [ 91.661179585825224, 27.485668742514729 ], [ 91.659296412269896, 27.484375357275297 ], [ 91.657534733782654, 27.483836442276008 ], [ 91.655590812693276, 27.483998117052675 ], [ 91.654011376808199, 27.484375357275297 ], [ 91.653039416263496, 27.483998117052675 ], [ 91.652006708184786, 27.483351416522076 ], [ 91.651642222980541, 27.484537031260878 ], [ 91.651216990242219, 27.486530990902516 ], [ 91.651277737776283, 27.488039909336528 ], [ 91.650245029697558, 27.489279362583076 ], [ 91.649394564220955, 27.49078824335739 ], [ 91.648604846278388, 27.493590395651758 ], [ 91.648118866006058, 27.495368647616434 ], [ 91.6477543808018, 27.496823559677029 ], [ 91.647389895597556, 27.498871181111728 ], [ 91.646296439984766, 27.500649347770597 ], [ 91.644838499167733, 27.501295946705799 ], [ 91.644276584477879, 27.502521780092717 ], [ 91.643669109137448, 27.503437778545205 ], [ 91.640753227503424, 27.5040843610977 ], [ 91.638748558879996, 27.504623176989394 ], [ 91.636379405052338, 27.504946465258048 ], [ 91.635589687109771, 27.505808562664388 ], [ 91.634435483962989, 27.507802137047381 ], [ 91.633585018486357, 27.509741796372186 ], [ 91.632613057941683, 27.510819370109939 ], [ 91.631519602328922, 27.511196518424629 ], [ 91.630426146716161, 27.511681421500807 ], [ 91.629697176307644, 27.512112444663074 ], [ 91.628542973160833, 27.513136117905045 ], [ 91.627024284809792, 27.513728766480597 ], [ 91.62623456686724, 27.514159781620911 ], [ 91.624837373584228, 27.514159781620911 ], [ 91.623804665505517, 27.513944274261867 ], [ 91.623622422903409, 27.514967930456947 ], [ 91.623622422903409, 27.515991577125483 ], [ 91.623865413039582, 27.51642258339897 ], [ 91.623318685233187, 27.517392341338986 ], [ 91.623500927835295, 27.517823342123247 ], [ 91.623379432767209, 27.518469840132688 ], [ 91.622711209892756, 27.518523714795258 ], [ 91.621982239484254, 27.519116334341742 ], [ 91.621557006745945, 27.52019381624471 ], [ 91.621071026473615, 27.521163540931099 ], [ 91.620645793735306, 27.52197163830408 ], [ 91.620524298667235, 27.523049092230202 ], [ 91.619309347986359, 27.524342023005229 ], [ 91.618185518606595, 27.52586389079103 ], [ 91.6177602858683, 27.527049047573513 ], [ 91.617213558061891, 27.52769549134262 ], [ 91.617213558061891, 27.528719019536275 ], [ 91.616363092585303, 27.529688669034414 ], [ 91.615877112312972, 27.530496703749165 ], [ 91.614965899302348, 27.531843415074047 ], [ 91.613933191223609, 27.533459446883736 ], [ 91.613629453553401, 27.534536788222958 ], [ 91.613872443689544, 27.536529841859522 ], [ 91.614236928893803, 27.537822614080529 ], [ 91.614236928893803, 27.538468994487801 ], [ 91.613690201087451, 27.539115371092823 ], [ 91.613264968349156, 27.540192656984942 ], [ 91.612232260270389, 27.541916292442806 ], [ 91.612353755338489, 27.542831962781509 ], [ 91.612535997940626, 27.543532176126401 ], [ 91.609923853976809, 27.543424451286906 ], [ 91.606400497002326, 27.542885825504957 ], [ 91.604760313583157, 27.542670374452765 ], [ 91.603120130164001, 27.542077881880658 ], [ 91.602330412221477, 27.54153924949695 ], [ 91.600264996064027, 27.541431522703331 ], [ 91.598564065110835, 27.541431522703331 ], [ 91.597470609498075, 27.541269932314851 ], [ 91.596134163749127, 27.541216068799216 ], [ 91.594615475398058, 27.542185608040516 ], [ 91.593461272251247, 27.543047413516806 ], [ 91.593582767319347, 27.544717142389214 ], [ 91.592671554308708, 27.545848234625751 ], [ 91.591881836366127, 27.546817732987464 ], [ 91.591092118423589, 27.548002663809214 ], [ 91.590788380753381, 27.549026002868366 ], [ 91.589998662810828, 27.550103191577623 ], [ 91.589026702266139, 27.552042104630857 ], [ 91.587993994187428, 27.552849974966762 ], [ 91.586596800904431, 27.553873268860603 ], [ 91.584713627349103, 27.554842696385119 ], [ 91.583863161872515, 27.555596689653893 ], [ 91.582769706259754, 27.556512245948372 ], [ 91.581858493249115, 27.557104660659089 ], [ 91.582207791569857, 27.558087523469318 ], [ 91.582390034171979, 27.559110768553541 ], [ 91.582997509512381, 27.560295566736656 ], [ 91.58336199471664, 27.561049522559397 ], [ 91.583665732386876, 27.562611271719867 ], [ 91.583908722523049, 27.5640652940682 ], [ 91.583179752114546, 27.565788554872995 ], [ 91.581964801433685, 27.567296385882749 ], [ 91.581296578559218, 27.568911896119467 ], [ 91.580142375412407, 27.570150437862239 ], [ 91.576619018437938, 27.571065872774646 ], [ 91.575282572688991, 27.571712057526575 ], [ 91.573946126940058, 27.572681327519479 ], [ 91.572913418861333, 27.574565994661651 ], [ 91.57212370091878, 27.5756429327792 ], [ 91.571941458316644, 27.577581394750847 ], [ 91.572366691054967, 27.579035218751311 ], [ 91.570726507635811, 27.580273646220846 ], [ 91.568782586546433, 27.581673590871382 ], [ 91.566534927786861, 27.583558103530603 ], [ 91.565927452446431, 27.584042687266358 ], [ 91.566838665457055, 27.5860348423513 ], [ 91.567203150661328, 27.587757758105433 ], [ 91.568418101342189, 27.590019043950832 ], [ 91.569086324216656, 27.591338105824104 ], [ 91.57005828476133, 27.593007100144533 ], [ 91.570848002703883, 27.595322114717092 ], [ 91.572609681191096, 27.597206392812268 ], [ 91.574492854746424, 27.598390779607204 ], [ 91.577833969118771, 27.601136354316807 ], [ 91.579838637742171, 27.602266865087635 ], [ 91.580992840888996, 27.603720361799176 ], [ 91.582329286637929, 27.60512000707763 ], [ 91.583787227454948, 27.606950285465476 ], [ 91.584273207727307, 27.608242228272385 ], [ 91.582876014444309, 27.610287773225895 ], [ 91.581478821161355, 27.611768077988753 ], [ 91.580506860616666, 27.61300613570145 ], [ 91.578441444459216, 27.614459489943609 ], [ 91.57722649377834, 27.615697517235592 ], [ 91.57613303816558, 27.617312314411503 ], [ 91.574128369542194, 27.619088563804929 ], [ 91.572488186123039, 27.6205418373337 ], [ 91.570908750237905, 27.621349203182383 ], [ 91.569693799557086, 27.621995091575211 ], [ 91.568053616137931, 27.622533328992159 ], [ 91.566656422854933, 27.624255670946216 ], [ 91.565016239435778, 27.625816519938649 ], [ 91.564894744367706, 27.627269704168846 ], [ 91.56483399683367, 27.62861522792279 ], [ 91.563497551084708, 27.629583994784749 ], [ 91.562343347937926, 27.631144767805537 ], [ 91.562343347937926, 27.632866974275505 ], [ 91.563072318346443, 27.633728067347977 ], [ 91.563376056016651, 27.635409870215973 ], [ 91.56313306588045, 27.637885437012699 ], [ 91.563558298618773, 27.639822798047518 ], [ 91.56434801656134, 27.641921567123525 ], [ 91.566048947514531, 27.643589790745224 ], [ 91.567567635865558, 27.645742299763626 ], [ 91.567992868603881, 27.647087596390715 ], [ 91.568782586546433, 27.648217632770486 ], [ 91.56951155695495, 27.649724329781684 ], [ 91.570544265033647, 27.651123386991788 ], [ 91.5715769731124, 27.653706214818062 ], [ 91.572245195986866, 27.65612756049924 ], [ 91.572609681191096, 27.658118404556081 ], [ 91.572670428725161, 27.660701067148437 ], [ 91.573824631871972, 27.661185309591765 ], [ 91.575464815291127, 27.66193857135092 ], [ 91.577347988846441, 27.662745631761233 ], [ 91.579777890208163, 27.662691827919275 ], [ 91.581661063763477, 27.662691827919275 ], [ 91.584090965125142, 27.664628749544828 ], [ 91.58542741087409, 27.665798956393392 ], [ 91.586703109088987, 27.666498384389307 ], [ 91.588829272780487, 27.667843425646439 ], [ 91.589801233325176, 27.668381437514018 ], [ 91.592656367425192, 27.669349852200721 ], [ 91.594721783582614, 27.670694858361365 ], [ 91.594235803310283, 27.672470241143127 ], [ 91.59502552125285, 27.674030402197126 ], [ 91.595936734263475, 27.676182311920215 ], [ 91.596058229331547, 27.67763482702075 ], [ 91.595997481797539, 27.678683853692934 ], [ 91.596787199740064, 27.680351516381922 ], [ 91.598184393023061, 27.680943261538289 ], [ 91.599946071510288, 27.68105085122227 ], [ 91.602011487667738, 27.682019153608834 ], [ 91.603408680950736, 27.68304124125892 ], [ 91.604502136563497, 27.683471591092015 ], [ 91.604988116835827, 27.684386078856612 ], [ 91.605656339710279, 27.686430200286814 ], [ 91.605960077380502, 27.687667413089645 ], [ 91.606567552720946, 27.689065984594865 ], [ 91.607418018197521, 27.689603891942113 ], [ 91.607903998469851, 27.690679698686175 ], [ 91.609969414627301, 27.690948648715832 ], [ 91.612156325852823, 27.691863073860706 ], [ 91.614586227214573, 27.692669913216108 ], [ 91.6161049155656, 27.69277749134627 ], [ 91.618960049665631, 27.693476746608273 ], [ 91.621450698561375, 27.694606303338841 ], [ 91.623455367184775, 27.695574485519103 ], [ 91.624548822797522, 27.696219935535037 ], [ 91.625885268546483, 27.696972955729603 ], [ 91.627343209363502, 27.697941116917445 ], [ 91.628710028879453, 27.699581592658408 ], [ 91.62949974682202, 27.701356505850576 ], [ 91.629135261617748, 27.703561660814678 ], [ 91.629256756685862, 27.70565920588799 ], [ 91.630107222162451, 27.70705754686805 ], [ 91.630289464764573, 27.708886119568376 ], [ 91.629135261617748, 27.709961736251287 ], [ 91.628892271481604, 27.711521361603001 ], [ 91.628041806004987, 27.713080964655344 ], [ 91.6277988158688, 27.714425432146811 ], [ 91.6277988158688, 27.715931216061474 ], [ 91.630107222162451, 27.716468990992599 ], [ 91.631322172843312, 27.716831987571972 ], [ 91.632111890785836, 27.718068855732657 ], [ 91.63162591051352, 27.719789692445044 ], [ 91.633205346398597, 27.721241627297523 ], [ 91.634663287215659, 27.722155798581923 ], [ 91.634541792147559, 27.724037891796854 ], [ 91.636485713236922, 27.728178382499156 ], [ 91.638065149122014, 27.73097446907132 ], [ 91.638368886792207, 27.733743599496005 ], [ 91.63861187692838, 27.736862147574282 ], [ 91.63654646077093, 27.7409483858189 ], [ 91.635331510090055, 27.74417425512214 ], [ 91.635453005158169, 27.745464576095426 ], [ 91.635574500226241, 27.747184980282615 ], [ 91.637396926247519, 27.748905357294831 ], [ 91.63909785720071, 27.75073322809336 ], [ 91.640555798017729, 27.751808431878466 ], [ 91.642135233902863, 27.7525610682113 ], [ 91.642256728970935, 27.755356529044459 ], [ 91.643350184583696, 27.757829376876227 ], [ 91.643350184583696, 27.759979633681628 ], [ 91.643107194447524, 27.762129848013139 ], [ 91.644808125400715, 27.763527464550922 ], [ 91.644808125400715, 27.766537654599372 ], [ 91.645172610604959, 27.768902745512648 ], [ 91.645172610604959, 27.770300275072096 ], [ 91.642621214175193, 27.771805286831455 ], [ 91.640798788153916, 27.773095280341401 ], [ 91.639219352268782, 27.773847769492058 ], [ 91.639219352268782, 27.775836465763888 ], [ 91.637518421315619, 27.777556389978212 ], [ 91.638368886792207, 27.779383779658524 ], [ 91.637518421315619, 27.780996156821477 ], [ 91.638368886792207, 27.783575910562284 ], [ 91.637639916383691, 27.786800516679563 ], [ 91.63654646077093, 27.787982848296227 ], [ 91.636181975566672, 27.791959687558485 ], [ 91.636789450907102, 27.793894313517622 ], [ 91.636181975566672, 27.795076567986975 ], [ 91.63448104461348, 27.796473761235589 ], [ 91.634845529817738, 27.799268093849488 ], [ 91.635210015021997, 27.801739943578198 ], [ 91.634602539681552, 27.803674395449029 ], [ 91.63241562845603, 27.805178945316147 ], [ 91.631565162979413, 27.807543195869489 ], [ 91.629864232026222, 27.808510374448186 ], [ 91.629621241890064, 27.8097999324916 ], [ 91.626462370119853, 27.812056622230351 ], [ 91.623546488485815, 27.813990890403481 ], [ 91.619537151238987, 27.815817667602865 ], [ 91.617107249877293, 27.818933863669404 ], [ 91.615406318924073, 27.820653105977783 ], [ 91.61212595208579, 27.822479771102319 ], [ 91.608359604975178, 27.823446816667321 ], [ 91.602527841707072, 27.822479771102319 ], [ 91.600340930481551, 27.820975460879975 ], [ 91.599004484732603, 27.818611502705998 ], [ 91.596817573507039, 27.81818168659947 ], [ 91.593172721464498, 27.818826410121265 ], [ 91.587948433536837, 27.818074232307012 ], [ 91.586247502583632, 27.817107138889895 ], [ 91.585397037107057, 27.815387840438049 ], [ 91.58418208642621, 27.813775973418704 ], [ 91.581630689996416, 27.811841701418079 ], [ 91.578350323158119, 27.811411858517719 ], [ 91.576406402068741, 27.812056622230351 ], [ 91.575920421796411, 27.813668514766835 ], [ 91.573369025366631, 27.816140036860055 ], [ 91.571060619073009, 27.817644414073825 ], [ 91.570088658528391, 27.817429504319243 ], [ 91.568934455381594, 27.818047368717274 ], [ 91.567780252234769, 27.82057251710269 ], [ 91.56735501949646, 27.82188879457215 ], [ 91.566990534292202, 27.823231918397276 ], [ 91.56680829169008, 27.824494439642002 ], [ 91.566200816349678, 27.825891254548576 ], [ 91.565775583611369, 27.826965715323166 ], [ 91.576953129875221, 27.83278104969191 ], [ 91.590985810239047, 27.831438044021588 ], [ 91.593020852629451, 27.833748003483308 ], [ 91.596483462069884, 27.833694284054271 ], [ 91.596840353832363, 27.833687569123772 ], [ 91.596961848900477, 27.832962354184104 ], [ 91.597994556979188, 27.833150373337531 ], [ 91.599239881427053, 27.833983025672673 ], [ 91.60018146820471, 27.834573936357149 ], [ 91.600940812380244, 27.834842531059053 ], [ 91.601943146691951, 27.834412779216859 ], [ 91.603158097372784, 27.834439638756866 ], [ 91.603917441548333, 27.835111125096152 ], [ 91.604616038189803, 27.835728888858338 ], [ 91.605071644695158, 27.83591690321829 ], [ 91.605314634831288, 27.835433437063045 ], [ 91.606377716677059, 27.835728888858338 ], [ 91.606894070716422, 27.836158635488111 ], [ 91.60795715256215, 27.83621235369716 ], [ 91.608746870504717, 27.836507803371525 ], [ 91.609597335981292, 27.837447865165046 ], [ 91.609840326117478, 27.838011898331644 ], [ 91.612482843848355, 27.838871371804323 ], [ 91.622202449295159, 27.83637350816473 ], [ 91.631041215498342, 27.832371434723981 ], [ 91.644823312284217, 27.832290854548297 ], [ 91.645825646595938, 27.832210274312789 ], [ 91.646645738305494, 27.831726791643227 ], [ 91.649956478910838, 27.830920982407456 ], [ 91.650685449319354, 27.830840401154816 ], [ 91.651232177125735, 27.831135865455341 ], [ 91.652447127806568, 27.831135865455341 ], [ 91.653267219516167, 27.831135865455341 ], [ 91.654026563691687, 27.830759819842324 ], [ 91.654816281634254, 27.831028423984581 ], [ 91.655575625809789, 27.830840401154816 ], [ 91.656729828956571, 27.830840401154816 ], [ 91.661316267776812, 27.828691545680563 ], [ 91.668666719395944, 27.824662326999348 ], [ 91.688827307256318, 27.813883431964253 ], [ 91.691986179026529, 27.810229781770783 ], [ 91.693413746076544, 27.8074625972659 ], [ 91.69970870929167, 27.8013570792296 ], [ 91.705783462695948, 27.793027766563931 ], [ 91.716125730366684, 27.787646959939842 ], [ 91.719071985767741, 27.784234275413109 ], [ 91.72585292925524, 27.780095915852712 ], [ 91.728677689588224, 27.783858067414997 ], [ 91.72901180102545, 27.784879200381891 ], [ 91.730196377939265, 27.785792837540079 ], [ 91.730651984444592, 27.786975180114112 ], [ 91.730226751706283, 27.787566346579897 ], [ 91.730500115609502, 27.788533702954403 ], [ 91.731472076154176, 27.789635403897943 ], [ 91.732413662931847, 27.791892512427491 ], [ 91.73347674477759, 27.793155397944407 ], [ 91.735451039633986, 27.792806090652231 ], [ 91.738518790103129, 27.791596941358055 ], [ 91.73973374078399, 27.793531573772974 ], [ 91.739824862085044, 27.794552615888303 ], [ 91.740189347289302, 27.795170610403996 ], [ 91.741282802902063, 27.795385564194522 ], [ 91.743591209195685, 27.799268093849484 ], [ 91.744715038575464, 27.800020401892922 ], [ 91.746507090829724, 27.79873072777276 ], [ 91.747843536578671, 27.798703859399172 ], [ 91.748663628288213, 27.798220227538764 ], [ 91.749848205202056, 27.798005279354392 ], [ 91.750698670678645, 27.797467907033592 ], [ 91.751427641087147, 27.797414169655369 ], [ 91.752460349165901, 27.797655987648106 ], [ 91.753250067108468, 27.797387300956288 ], [ 91.753857542448856, 27.79703800726389 ], [ 91.753948663749952, 27.796769319044312 ], [ 91.753644926079744, 27.796178202623128 ], [ 91.753887916215888, 27.79550647551488 ], [ 91.754647260391422, 27.794888482908803 ], [ 91.755801463538234, 27.794297356258628 ], [ 91.757350525656335, 27.792443347276159 ], [ 91.758497135361353, 27.792523957019903 ], [ 91.759226105769869, 27.792846395397078 ], [ 91.759438722139024, 27.79324944202359 ], [ 91.760015823712422, 27.793356920871595 ], [ 91.760167692547526, 27.792658306459952 ], [ 91.760076571246472, 27.791825337255005 ], [ 91.760684046586874, 27.791126713000395 ], [ 91.761595259597513, 27.790777399189469 ], [ 91.76244572507413, 27.791126713000395 ], [ 91.763691049521995, 27.790804269522454 ], [ 91.767275154030514, 27.789810062778386 ], [ 91.768186367041153, 27.789998156643524 ], [ 91.771102248675192, 27.789487615395327 ], [ 91.771891966617758, 27.788815846942381 ], [ 91.772863927162433, 27.788144074338724 ], [ 91.773532150036885, 27.785060584840192 ], [ 91.774716726950729, 27.784496276643001 ], [ 91.773068950089794, 27.779592046386412 ], [ 91.771519887971735, 27.777589981977261 ], [ 91.772172923962671, 27.776864392489717 ], [ 91.772734838652568, 27.7746741578305 ], [ 91.774481330256307, 27.773908237144322 ], [ 91.775893710422793, 27.772362942152707 ], [ 91.777549080725436, 27.771546614416859 ], [ 91.779417067397247, 27.771035986546462 ], [ 91.780601644311091, 27.771707864825423 ], [ 91.781406549137131, 27.777338041731493 ], [ 91.781740660574357, 27.779031068967846 ], [ 91.783350470226509, 27.778789209547483 ], [ 91.784140188169047, 27.778278615671692 ], [ 91.78508177494669, 27.776854314823872 ], [ 91.785582942102579, 27.77642433354454 ], [ 91.794619137791386, 27.775927165571566 ], [ 91.795742967171137, 27.776195905298568 ], [ 91.797018665386062, 27.775846543524015 ], [ 91.798932212708394, 27.776007787559386 ], [ 91.80203033694454, 27.777512720363912 ], [ 91.804794349743474, 27.775067193983745 ], [ 91.807315372406251, 27.774771577180303 ], [ 91.808469575553033, 27.77974320747137 ], [ 91.809350414796683, 27.780898743046293 ], [ 91.807558362542409, 27.785440147635004 ], [ 91.80679901836686, 27.786911360814749 ], [ 91.806070047958357, 27.788013078197366 ], [ 91.806723083949322, 27.787865287489478 ], [ 91.807209064221666, 27.787448785322816 ], [ 91.808256959183879, 27.787972771660602 ], [ 91.808955555825392, 27.787583141034784 ], [ 91.809973077020601, 27.787421914160493 ], [ 91.810337562224859, 27.78644111219117 ], [ 91.811112093283896, 27.786320190787812 ], [ 91.811431017837606, 27.785299071352696 ], [ 91.812205548896657, 27.784546661422485 ], [ 91.813116761907281, 27.784412301958529 ], [ 91.814589889607831, 27.78426450635644 ], [ 91.816503436930162, 27.784707892560089 ], [ 91.818185384278934, 27.785312507196988 ], [ 91.82296925258477, 27.788160868704349 ], [ 91.829681855096482, 27.790495260291962 ], [ 91.829059192872535, 27.787835057547216 ], [ 91.831625776185859, 27.787122972031852 ], [ 91.832688858031602, 27.786048117138581 ], [ 91.833372267789571, 27.784516430557559 ], [ 91.835225067577866, 27.783051903036359 ], [ 91.836622260860821, 27.782904105585363 ], [ 91.837723309915319, 27.781070056868515 ], [ 91.839014195013732, 27.780949129492612 ], [ 91.839925408024371, 27.778906780166203 ], [ 91.838118168886609, 27.774949619214958 ], [ 91.838406719673301, 27.771865755618883 ], [ 91.837935926284459, 27.769016967352101 ], [ 91.836402051049902, 27.76689376532515 ], [ 91.83931793268394, 27.767229717771787 ], [ 91.842294561852015, 27.766047160559758 ], [ 91.843467748603231, 27.764078443061546 ], [ 91.848251616909081, 27.761000990785199 ], [ 91.850256285532467, 27.761108501501791 ], [ 91.852283734481077, 27.759623500332992 ], [ 91.85337719009388, 27.754718148879686 ], [ 91.853847983482709, 27.753945367882842 ], [ 91.854683262075767, 27.753582494913672 ], [ 91.860226474557123, 27.740437614419513 ], [ 91.859983484420951, 27.736781496593103 ], [ 91.861198435101812, 27.734630781739579 ], [ 91.863263851259234, 27.73355540839465 ], [ 91.866908703301803, 27.732049867884061 ], [ 91.868488139186894, 27.730329224690458 ], [ 91.870675050412416, 27.729576434751397 ], [ 91.871404020820933, 27.728931182093998 ], [ 91.870675050412416, 27.726135043106112 ], [ 91.871404020820933, 27.724091665411386 ], [ 91.872497476433693, 27.721510502000452 ], [ 91.872618971501765, 27.720327448348502 ], [ 91.874319902454957, 27.721187852277492 ], [ 91.878936715042187, 27.721402952198883 ], [ 91.883189042425158, 27.721402952198883 ], [ 91.888534825420891, 27.722370896593841 ], [ 91.892665657735805, 27.723338832395591 ], [ 91.895460044301757, 27.7236614757532 ], [ 91.896796490050704, 27.725597315847189 ], [ 91.899590876616628, 27.728285925616809 ], [ 91.905058154680475, 27.728608554332876 ], [ 91.909067491927274, 27.726457678188272 ], [ 91.91319832424216, 27.723769023326891 ], [ 91.915385235467696, 27.721402952198883 ], [ 91.919151582578309, 27.718929277483522 ], [ 91.922431949416634, 27.717315981131755 ], [ 91.925712316254916, 27.716778210377317 ], [ 91.927899227480438, 27.719036829725013 ], [ 91.928506702820869, 27.720542549967259 ], [ 91.933730990748501, 27.721295402291233 ], [ 91.935188931565548, 27.720865201599757 ], [ 91.93482444636129, 27.7236614757532 ], [ 91.938226308267659, 27.727210489666529 ], [ 91.941445927571891, 27.725597315847189 ], [ 91.94448330427403, 27.727533121565692 ], [ 91.946427225363365, 27.731297089829383 ], [ 91.950922542882523, 27.733017717742754 ], [ 91.952380483699542, 27.73688903122148 ], [ 91.958455237103792, 27.736781496593103 ], [ 91.965380455984644, 27.739039701502133 ], [ 91.967445872142093, 27.749684894181577 ], [ 91.970483248844204, 27.754200722210282 ], [ 91.974978566363347, 27.755920988387977 ], [ 91.97667949731651, 27.760732213529192 ], [ 91.977772952929271, 27.764387527346248 ], [ 91.978380428269716, 27.766322643785646 ], [ 91.978501923337816, 27.768257725815932 ], [ 91.979109398678219, 27.771375285595884 ], [ 91.97813743813353, 27.775460228716998 ], [ 91.978501923337816, 27.779007554881105 ], [ 91.981174814835683, 27.779115047807434 ], [ 91.986034617559085, 27.777610137171685 ], [ 91.988829004125037, 27.778255101422282 ], [ 91.990408440010128, 27.779867495317198 ], [ 91.996240203278219, 27.781694846168694 ], [ 92.000006550388846, 27.780082479363866 ], [ 92.002922432022871, 27.783844631390949 ], [ 92.00438037283989, 27.782877233299963 ], [ 92.005352333384579, 27.780189971227852 ], [ 92.008875690359048, 27.780404954637113 ], [ 92.011427086788814, 27.781802336439103 ], [ 92.01373549308245, 27.780189971227852 ], [ 92.013978483218594, 27.778685075464718 ], [ 92.017744830329249, 27.776427692779837 ], [ 92.019202771146269, 27.777395148238316 ], [ 92.020539216895216, 27.777610137171685 ], [ 92.021997157712221, 27.778470088655961 ], [ 92.027828920980284, 27.778147607646094 ], [ 92.03317470397603, 27.779437525949032 ], [ 92.033782179316461, 27.777287653612287 ], [ 92.034146664520719, 27.775782717693986 ], [ 92.037184041222844, 27.776212701509465 ], [ 92.039735437652624, 27.776750178888719 ], [ 92.043380289695165, 27.779545018450417 ], [ 92.046113928727081, 27.780673683301092 ], [ 92.048908315293033, 27.781211138637129 ], [ 92.051216721586627, 27.780566191915185 ], [ 92.05194569199513, 27.779491272213001 ], [ 92.054011108152579, 27.779813749239132 ], [ 92.056926989786646, 27.78002873339204 ], [ 92.058506425671737, 27.782823488709241 ], [ 92.060085861556857, 27.784113351555625 ], [ 92.05972137635257, 27.786370574722216 ], [ 92.061422307305776, 27.78895020096498 ], [ 92.063244733327039, 27.789702580423572 ], [ 92.065431644552589, 27.788412783878222 ], [ 92.067618555778125, 27.789702580423572 ], [ 92.070048457139791, 27.790992361667431 ], [ 92.077095171088729, 27.793034484008697 ], [ 92.084263380105725, 27.795184045028293 ], [ 92.090945608850419, 27.797548513051019 ], [ 92.097870827731271, 27.798515780598013 ], [ 92.1023661452504, 27.802062354614847 ], [ 92.108562393722721, 27.802814643313642 ], [ 92.110992295084415, 27.802922112702593 ], [ 92.114880137263157, 27.806790939910606 ], [ 92.117553028761037, 27.810122319610365 ], [ 92.122291336416325, 27.812486462578995 ], [ 92.12690814900354, 27.816892228071904 ], [ 92.129338050365263, 27.819148770446539 ], [ 92.131281971454641, 27.822694670861058 ], [ 92.132739912271646, 27.825273434787295 ], [ 92.132982902407804, 27.827852137455526 ], [ 92.135777288973756, 27.830860546473431 ], [ 92.13996886882272, 27.831236591737436 ], [ 92.142520265252486, 27.835104410253184 ], [ 92.146651097567357, 27.833600274989319 ], [ 92.149323989065238, 27.832310999597695 ], [ 92.151389405222687, 27.831344033002104 ], [ 92.160866020533291, 27.830484499906465 ], [ 92.164632367643947, 27.831988678356474 ], [ 92.166940773937583, 27.83671596061345 ], [ 92.170342635843937, 27.838112618231264 ], [ 92.171922071729057, 27.841872760915596 ], [ 92.172651042137574, 27.845203064167944 ], [ 92.174108982954579, 27.847459017953973 ], [ 92.179576261018397, 27.846707038572447 ], [ 92.183221113060938, 27.846814464517589 ], [ 92.186622974967321, 27.847459017953973 ], [ 92.189174371397115, 27.849929770639509 ], [ 92.192940718507714, 27.857449106336944 ], [ 92.194763144529034, 27.856804612282271 ], [ 92.199258462048135, 27.859060324710406 ], [ 92.205697700656671, 27.861960457432623 ], [ 92.212258434333251, 27.86314197073969 ], [ 92.2142023554226, 27.865290143753793 ], [ 92.212865909673681, 27.867867895163794 ], [ 92.211407968856662, 27.870230780088296 ], [ 92.212865909673681, 27.87280841396462 ], [ 92.221066826769402, 27.874473103249819 ], [ 92.224347193607699, 27.876406258704442 ], [ 92.226777094969393, 27.879091139602359 ], [ 92.234309789190647, 27.882635080478785 ], [ 92.238440621505546, 27.886608452033435 ], [ 92.245244345318298, 27.88736015457469 ], [ 92.252291059267236, 27.88199073621805 ], [ 92.25666488171828, 27.880487251367235 ], [ 92.259094783079988, 27.883279420905655 ], [ 92.261403189373581, 27.884782866991909 ], [ 92.263590100599103, 27.88564196966912 ], [ 92.265655516756553, 27.88736015457469 ], [ 92.270150834275725, 27.885105031294632 ], [ 92.274403161658697, 27.883172031100749 ], [ 92.278048013701238, 27.88070203619526 ], [ 92.284001272037401, 27.87715803206429 ], [ 92.291290976122482, 27.872539913297189 ], [ 92.293842372552291, 27.872002909965993 ], [ 92.294328352824621, 27.86770678749712 ], [ 92.298702175275665, 27.857502814001872 ], [ 92.30040310622887, 27.854280307010484 ], [ 92.303075997726751, 27.853528374930271 ], [ 92.302711512522492, 27.849553790166453 ], [ 92.301739551977818, 27.844182498230662 ], [ 92.297244234458645, 27.837951466346755 ], [ 92.298337690071406, 27.833600274989319 ], [ 92.304655433611842, 27.828980300609132 ], [ 92.306477859633119, 27.825112263836537 ], [ 92.312309622901211, 27.823930336219433 ], [ 92.320692782599068, 27.80953127582822 ], [ 92.319963812190537, 27.805125211750983 ], [ 92.321300257939484, 27.799429303154284 ], [ 92.325917070526714, 27.796849925579863 ], [ 92.337945082267126, 27.796527499078703 ], [ 92.345356281420308, 27.800826440445768 ], [ 92.349699730104334, 27.802438499615285 ], [ 92.35540999830431, 27.806952138054573 ], [ 92.360269801027698, 27.804265471095725 ], [ 92.364643623478784, 27.805340145851812 ], [ 92.369503426202144, 27.809746201211993 ], [ 92.380680972465981, 27.812540192502976 ], [ 92.384811804780853, 27.816086308716859 ], [ 92.39125104338936, 27.818557775785614 ], [ 92.398297757338284, 27.821996245089505 ], [ 92.405587461423409, 27.820814283548401 ], [ 92.40971829373828, 27.825327158384376 ], [ 92.40971829373828, 27.828443081522234 ], [ 92.413363145780821, 27.831344033002104 ], [ 92.417979958368065, 27.832310999597695 ], [ 92.422110790682936, 27.835856470066549 ], [ 92.424662187112716, 27.835104410253184 ], [ 92.426120127929764, 27.833492835958392 ], [ 92.426849098338266, 27.831344033002104 ], [ 92.423204246295697, 27.827583525452539 ], [ 92.421989295614864, 27.825864392892832 ], [ 92.421746305478692, 27.821888794572025 ], [ 92.423933216704214, 27.819309950250354 ], [ 92.425269662453147, 27.81565648261531 ], [ 92.422839761091467, 27.814581909918616 ], [ 92.422232285751036, 27.811787971148458 ], [ 92.424662187112716, 27.806952138054573 ], [ 92.425998632861678, 27.802975847357192 ], [ 92.428671524359558, 27.801686208312322 ], [ 92.432559366538271, 27.803728129731521 ], [ 92.434746277763793, 27.804695342273746 ], [ 92.438755615010592, 27.802760908579312 ], [ 92.442035981848903, 27.799429303154284 ], [ 92.447017279640377, 27.799536775891355 ], [ 92.450297646478674, 27.798569517431535 ], [ 92.452484557704196, 27.796097595589263 ], [ 92.454306983725459, 27.794377964627433 ], [ 92.456372399882909, 27.792765785892389 ], [ 92.461961173014799, 27.794377964627433 ], [ 92.463540608899933, 27.799214357361311 ], [ 92.465484529989268, 27.802653439030927 ], [ 92.470708817916929, 27.817053411225178 ], [ 92.46973685737224, 27.823070744415492 ], [ 92.476783571321178, 27.825971839475454 ], [ 92.475690115708417, 27.834352345227408 ], [ 92.478363007206298, 27.837575444352048 ], [ 92.497741470565813, 27.847647011984666 ], [ 92.500535857131766, 27.852158770956432 ], [ 92.506853600672201, 27.848828681287237 ], [ 92.513414334348795, 27.847432161637268 ], [ 92.519610582821116, 27.85097713794076 ], [ 92.526292811565796, 27.853770067953317 ], [ 92.52726477211047, 27.857100005866268 ], [ 92.53018065374448, 27.859140885000453 ], [ 92.530302148812595, 27.864081801672654 ], [ 92.53018065374448, 27.8662299560579 ], [ 92.543788101370026, 27.869237300659325 ], [ 92.54561052739129, 27.872781563927813 ], [ 92.554722657497678, 27.87761446334434 ], [ 92.55788152926786, 27.875466534667474 ], [ 92.561404886242329, 27.87364076180474 ], [ 92.56468525308064, 27.876540504329942 ], [ 92.569059075531698, 27.883843215634162 ], [ 92.575619809208291, 27.881480627626033 ], [ 92.58157306754444, 27.881373236037337 ], [ 92.580479611931679, 27.88642052558269 ], [ 92.582059047816799, 27.890930670373571 ], [ 92.588376791357135, 27.899413528842299 ], [ 92.592264633535862, 27.909291462689097 ], [ 92.597610416531595, 27.914874243729535 ], [ 92.605872081161394, 27.918309658055126 ], [ 92.612189824701773, 27.914444809265092 ], [ 92.621909430148605, 27.914015373095392 ], [ 92.627741193416668, 27.91015037083606 ], [ 92.632115015867711, 27.912727054355173 ], [ 92.641834621314544, 27.911438720268578 ], [ 92.65155422676132, 27.917880237233074 ], [ 92.654956088667689, 27.925609551092819 ], [ 92.662245792752785, 27.930762119984227 ], [ 92.666619615203842, 27.942783825385046 ], [ 92.671965398199575, 27.945359731077279 ], [ 92.67828314174001, 27.948794176437211 ], [ 92.688488727459145, 27.94922347442764 ], [ 92.697722352633619, 27.963818590545731 ], [ 92.703068135629351, 27.962530865557977 ], [ 92.709385879169773, 27.965320916945167 ], [ 92.712301760803797, 27.969183945936216 ], [ 92.717404553663357, 27.969827770655712 ], [ 92.719348474752735, 27.973046836625279 ], [ 92.723236316931448, 27.973690638293224 ], [ 92.724937247884611, 27.97733877516956 ], [ 92.729554060471841, 27.97969926857672 ], [ 92.731497981561219, 27.98613671527778 ], [ 92.728825090063339, 27.989355294509778 ], [ 92.724937247884611, 27.991286395926853 ], [ 92.722021366250587, 27.994504821413365 ], [ 92.721049405705926, 28.001799563386385 ], [ 92.722750336659089, 28.012740750393196 ], [ 92.726152198565487, 28.018961714026272 ], [ 92.727610139382506, 28.020677778678184 ], [ 92.726638178837817, 28.025182318250614 ], [ 92.731983961833549, 28.031617047800435 ], [ 92.736357784284593, 28.034405311126466 ], [ 92.737086754693109, 28.041804582723341 ], [ 92.734170873059071, 28.04780941452147 ], [ 92.731740971697363, 28.050597258176602 ], [ 92.73101200128886, 28.054886107280392 ], [ 92.722264356386759, 28.059818072241448 ], [ 92.715703622710151, 28.066036314216603 ], [ 92.707684948216581, 28.067751627996422 ], [ 92.702582155356978, 28.068180452162935 ], [ 92.693105540046375, 28.066465145228594 ], [ 92.685086865552748, 28.066465145228594 ], [ 92.679498092420872, 28.069681323268249 ], [ 92.673666329152766, 28.067966040293602 ], [ 92.664189713842163, 28.07011013973327 ], [ 92.66394672370599, 28.072897405037665 ], [ 92.65665701962088, 28.077185364297311 ], [ 92.658600940710244, 28.08018683392968 ], [ 92.65665701962088, 28.083831362854678 ], [ 92.657628980165569, 28.087690141010885 ], [ 92.660301871663449, 28.09112004960993 ], [ 92.661516822344282, 28.094764207419082 ], [ 92.665647654659182, 28.098193889980966 ], [ 92.666376625067684, 28.103338208307466 ], [ 92.666619615203842, 28.109768259366341 ], [ 92.667591575748546, 28.117162341577636 ], [ 92.668806526429364, 28.121877142285381 ], [ 92.667834565884704, 28.126163144823742 ], [ 92.671722408063417, 28.137734495619874 ], [ 92.675610250242158, 28.143091179298722 ], [ 92.676096230514489, 28.147590586575589 ], [ 92.677311181195307, 28.15101857952714 ], [ 92.686544806369795, 28.149304596768612 ], [ 92.692862549910217, 28.149733095030271 ], [ 92.696993382225088, 28.153803742994306 ], [ 92.702096175084648, 28.154232223251039 ], [ 92.708656908761228, 28.161944574615994 ], [ 92.709142889033586, 28.164301015584307 ], [ 92.716918573391027, 28.167514260558256 ], [ 92.720806415569754, 28.162587245480221 ], [ 92.723479307067606, 28.160659221310251 ], [ 92.73052602101653, 28.159373852568528 ], [ 92.731254991425047, 28.156160363184828 ], [ 92.736357784284593, 28.154874940420797 ], [ 92.740488616599492, 28.156374598811617 ], [ 92.744619448914406, 28.161301899892653 ], [ 92.750694202318641, 28.162373022287607 ], [ 92.757983906403723, 28.161087674127298 ], [ 92.762843709127139, 28.16151612522922 ], [ 92.76648856116968, 28.164729453822233 ], [ 92.772320324437771, 28.168799531530968 ], [ 92.772077334301599, 28.176510833134092 ], [ 92.773778265254791, 28.181865576634618 ], [ 92.783497870701581, 28.18700587815021 ], [ 92.793703456420715, 28.18700587815021 ], [ 92.805609973093027, 28.181651392042237 ], [ 92.814357617995157, 28.179509522524548 ], [ 92.822376292488784, 28.176510833134092 ], [ 92.829180016301507, 28.174583059845073 ], [ 92.83525476970577, 28.177153416509686 ], [ 92.840357562565345, 28.181437207020881 ], [ 92.849348197603604, 28.184221578837064 ], [ 92.859067803050422, 28.188290914916674 ], [ 92.870245349314246, 28.19150343925601 ], [ 92.873404221084456, 28.196000811135473 ], [ 92.880207944897194, 28.199427253165233 ], [ 92.88555372789294, 28.201354578526637 ], [ 92.900011640995046, 28.20146165113853 ], [ 92.910703206986497, 28.202104084556677 ], [ 92.915805999846071, 28.20039092019131 ], [ 92.922609723658823, 28.201675796040426 ], [ 92.926497565837565, 28.205102056100102 ], [ 92.93014241788012, 28.20767167903637 ], [ 92.93524521073968, 28.218163664479324 ], [ 92.931357368560967, 28.222659914111539 ], [ 92.928684477063072, 28.228440528245347 ], [ 92.929170457335417, 28.235719374770554 ], [ 92.93111437842478, 28.243211786365467 ], [ 92.9325723192418, 28.248777237169151 ], [ 92.939376043054551, 28.253058155533033 ], [ 92.945207806322642, 28.260549349076626 ], [ 92.950553589318389, 28.260335322281051 ], [ 92.956628342722638, 28.262047524611923 ], [ 92.960030204628978, 28.26504381250329 ], [ 92.968048879122605, 28.269110068464698 ], [ 92.974852602935357, 28.269110068464698 ], [ 92.979955395794917, 28.269966102578433 ], [ 92.984572208382147, 28.271464145727617 ], [ 92.991618922331071, 28.271250140853059 ], [ 92.997936665871507, 28.28194985793678 ], [ 93.001095537641717, 28.286443418574784 ], [ 93.004011419275756, 28.291150754887362 ], [ 93.005226369956617, 28.294360183028953 ], [ 93.005955340365119, 28.29756951439667 ], [ 93.01154411349701, 28.297141609139278 ], [ 93.013488034586288, 28.299120656531539 ], [ 93.019319797854394, 28.298050905754643 ], [ 93.025394551258643, 28.300404343268735 ], [ 93.028310432892681, 28.30104618083012 ], [ 93.032198275071394, 28.304469249103246 ], [ 93.038516018611816, 28.304897124893849 ], [ 93.043861801607548, 28.30746434349922 ], [ 93.047749643786247, 28.308961859075239 ], [ 93.050665525420314, 28.312812516605433 ], [ 93.05576831827986, 28.310459353568977 ], [ 93.058198219641554, 28.306822544655915 ], [ 93.061357091411779, 28.305752871312514 ], [ 93.066216894135167, 28.308106138470396 ], [ 93.068403805360717, 28.310459353568977 ], [ 93.071319686994741, 28.315379544174334 ], [ 93.073749588356449, 28.319657785753506 ], [ 93.076179489718143, 28.324149754142873 ], [ 93.081039292441531, 28.327999861692355 ], [ 93.083469193803225, 28.326288719998296 ], [ 93.086871055709636, 28.327572078851414 ], [ 93.094646740067063, 28.333988640673184 ], [ 93.096104680884082, 28.336555156919534 ], [ 93.099749532926623, 28.337838391794669 ], [ 93.101207473743642, 28.341260275686086 ], [ 93.108011197556394, 28.341901866644754 ], [ 93.112142029871293, 28.343826616269357 ], [ 93.118216783275543, 28.346392894846911 ], [ 93.12210462545427, 28.35002835001621 ], [ 93.126478447905299, 28.352166794918993 ], [ 93.128422368994691, 28.354946708905974 ], [ 93.133525161854237, 28.357085054749724 ], [ 93.137170013896778, 28.362430730911733 ], [ 93.139842905394659, 28.364141290422317 ], [ 93.144945698254219, 28.365210376115634 ], [ 93.149623258375499, 28.366600171415516 ], [ 93.150352228784001, 28.368952091225474 ], [ 93.151324189328662, 28.371303958903393 ], [ 93.147922327422293, 28.374297169636911 ], [ 93.148651297830824, 28.376435125596512 ], [ 93.145978406332929, 28.379000615866747 ], [ 93.150109238647829, 28.383276295080453 ], [ 93.157398942732911, 28.396316051863536 ], [ 93.163473696137189, 28.401446008265996 ], [ 93.167118548179729, 28.413414940681527 ], [ 93.16760452845206, 28.421963350082279 ], [ 93.17027741994994, 28.427305755481733 ], [ 93.17027741994994, 28.429549485345831 ], [ 93.17076340022227, 28.432968410815484 ], [ 93.17027741994994, 28.437028241344944 ], [ 93.17027741994994, 28.441301578874789 ], [ 93.167847518588232, 28.448565856498384 ], [ 93.16760452845206, 28.454975098865745 ], [ 93.171735360766959, 28.461170330510637 ], [ 93.178053104307381, 28.472705311497922 ], [ 93.184127857711616, 28.47889950378223 ], [ 93.195305403975425, 28.489791857331138 ], [ 93.240744559439207, 28.535484773645951 ], [ 93.251253882828536, 28.546691459750487 ], [ 93.274580935900843, 28.55885736893957 ], [ 93.278954758351915, 28.55757681311718 ], [ 93.281384659713595, 28.55757681311718 ], [ 93.281141669577437, 28.553521616916761 ], [ 93.278954758351915, 28.551173800359066 ], [ 93.282842600530628, 28.546478010200971 ], [ 93.289160344071021, 28.541141630878059 ], [ 93.299122939653984, 28.541782010671078 ], [ 93.305926663466778, 28.527692756072771 ], [ 93.309814505645491, 28.527052290650992 ], [ 93.315646268913568, 28.527479268031229 ], [ 93.322692982862492, 28.523636409345297 ], [ 93.329496706675258, 28.521287926741188 ], [ 93.33751538116887, 28.524917377806279 ], [ 93.354524690700742, 28.529827612705521 ], [ 93.364487286283705, 28.535591509612509 ], [ 93.378337724045394, 28.531321986619375 ], [ 93.389515270309218, 28.533243293372983 ], [ 93.391216201262381, 28.538153140373293 ], [ 93.390487230853878, 28.546051109804196 ], [ 93.3926741420794, 28.551814119157406 ], [ 93.394861053304965, 28.557149957714802 ], [ 93.398505905347506, 28.560137909184487 ], [ 93.400449826436841, 28.566540376731421 ], [ 93.407739530521965, 28.57187546881844 ], [ 93.416487175424052, 28.575929957881545 ], [ 93.417702126104928, 28.580197672284775 ], [ 93.419160066921947, 28.584678586037729 ], [ 93.428393692096407, 28.583611719128481 ], [ 93.432524524411306, 28.583611719128481 ], [ 93.436412366590019, 28.58425184057289 ], [ 93.439328248224058, 28.587025655137282 ], [ 93.445038516424034, 28.590759520728721 ], [ 93.447954398058073, 28.597800163593785 ], [ 93.451599250100614, 28.601000299898299 ], [ 93.454029151462322, 28.604413671209588 ], [ 93.455122607075069, 28.607293617002522 ], [ 93.455730082415471, 28.610386804177857 ], [ 93.457066528164418, 28.612946614339435 ], [ 93.457916993640993, 28.615186397055091 ], [ 93.460468390070801, 28.617426132004216 ], [ 93.467636599087825, 28.619132564664884 ], [ 93.472617896879299, 28.620519020782723 ], [ 93.481730026985673, 28.626064662175548 ], [ 93.489748701479286, 28.626811168453056 ], [ 93.499711297062248, 28.626597881486902 ], [ 93.503477644172889, 28.629690500079185 ], [ 93.503599139240961, 28.634275939230651 ], [ 93.503356149104789, 28.63704843314737 ], [ 93.505664555398411, 28.640567262237845 ], [ 93.504692594853722, 28.643446216436946 ], [ 93.506758011011172, 28.648777404461129 ], [ 93.5066365159431, 28.651549515140704 ], [ 93.506393525806914, 28.654108321495812 ], [ 93.507729971555861, 28.657946413945915 ], [ 93.506879506079244, 28.659119136391276 ], [ 93.504449604717536, 28.660611673257108 ], [ 93.509430902509052, 28.66748772931625 ], [ 93.512225289074976, 28.667914136541697 ], [ 93.514898180572857, 28.669299948041463 ], [ 93.518421537547326, 28.670046146642491 ], [ 93.520365458636675, 28.67239130765056 ], [ 93.522187884657939, 28.674096846323206 ], [ 93.524860776155819, 28.672604501503013 ], [ 93.526318716972852, 28.67239130765056 ], [ 93.528505628198374, 28.673137484236182 ], [ 93.53105702462814, 28.672817694921648 ], [ 93.533122440785604, 28.671538527902676 ], [ 93.53567383721537, 28.671645125750754 ], [ 93.536281312555815, 28.66993954716769 ], [ 93.540169154734528, 28.670898938536812 ], [ 93.541262610347289, 28.674096846323206 ], [ 93.544664472253686, 28.67356386847052 ], [ 93.545879422934519, 28.674416631733326 ], [ 93.566108351770652, 28.677294656498059 ], [ 93.586033542936619, 28.679106705599146 ], [ 93.596725108928084, 28.682410949728407 ], [ 93.602313882059974, 28.684969002620853 ], [ 93.612033487506764, 28.684969002620853 ], [ 93.619080201455688, 28.686780918946678 ], [ 93.623454023906774, 28.688166480864272 ], [ 93.627098875949315, 28.683050468809444 ], [ 93.628313826630148, 28.679639655251357 ], [ 93.628799806902506, 28.673137484236182 ], [ 93.628921301970593, 28.666208497229597 ], [ 93.632930639217378, 28.659598882701395 ], [ 93.634510075102497, 28.656933597640442 ], [ 93.637547451804608, 28.654588090735789 ], [ 93.646295096706737, 28.659598882701395 ], [ 93.656622177493958, 28.667061320355725 ], [ 93.66494458965775, 28.669726347892738 ], [ 93.672234293742846, 28.670046146642491 ], [ 93.688879118070503, 28.678467162437013 ], [ 93.691794999704541, 28.675269388054804 ], [ 93.702000585423676, 28.66748772931625 ], [ 93.707589358555595, 28.664396225043621 ], [ 93.712570656347083, 28.665249062917177 ], [ 93.724720163155567, 28.670898938536812 ], [ 93.727514549721519, 28.674843010761744 ], [ 93.731037906695988, 28.681451663784646 ], [ 93.738935086121501, 28.687207247643347 ], [ 93.746346285274655, 28.690724393156898 ], [ 93.751206087998071, 28.694134845665968 ], [ 93.75485094004064, 28.698717466257815 ], [ 93.763537837408677, 28.703033471931647 ], [ 93.784070503915046, 28.712837070232371 ], [ 93.786378910208683, 28.716992666142804 ], [ 93.786500405276755, 28.722533203831574 ], [ 93.786621900344826, 28.73073692231651 ], [ 93.787715355957587, 28.733613398415571 ], [ 93.789416286910793, 28.737022452753568 ], [ 93.792696653749076, 28.73670285863377 ], [ 93.796948981132047, 28.735211406483707 ], [ 93.803995695080971, 28.735637537841573 ], [ 93.808734002736273, 28.737768168565076 ], [ 93.811042409029923, 28.740111812182359 ], [ 93.819668558863938, 28.740111812182359 ], [ 93.82914517417457, 28.742561928845575 ], [ 93.837528333872413, 28.74618373517799 ], [ 93.841689539954331, 28.748713598927846 ], [ 93.853717551694757, 28.745517971375229 ], [ 93.860278285371336, 28.742428771807827 ], [ 93.86465210782238, 28.744026645058806 ], [ 93.86671752397983, 28.745731016253792 ], [ 93.884091318715988, 28.751696096429782 ], [ 93.891138032664912, 28.755530610915145 ], [ 93.897091291001075, 28.757660835894661 ], [ 93.900371657839372, 28.754465482127106 ], [ 93.906810896447865, 28.744346216776126 ], [ 93.910455748490406, 28.740085180163828 ], [ 93.917745452575488, 28.741576562747273 ], [ 93.918960403256349, 28.74882011816241 ], [ 93.913128639988244, 28.767352810735751 ], [ 93.912156679443555, 28.773529643775007 ], [ 93.92722206788612, 28.784178497170323 ], [ 93.940100545103107, 28.790567287351035 ], [ 93.944231377418021, 28.795465094720338 ], [ 93.947633239324375, 28.803982472461669 ], [ 93.965128529128634, 28.814841119449639 ], [ 93.97679205566476, 28.821228030116401 ], [ 93.981165878115846, 28.815479828142401 ], [ 93.987969601928597, 28.807389228647455 ], [ 93.986025680839219, 28.799936804825943 ], [ 93.986997641383908, 28.79610392219524 ], [ 93.995502296149866, 28.790141380183801 ], [ 94.013483566226412, 28.793761535647317 ], [ 94.020287290039207, 28.794134191573409 ], [ 94.018343368949829, 28.820110349025867 ], [ 94.019072339358331, 28.831393054956695 ], [ 94.023446161809417, 28.847144221239191 ], [ 94.028062974396633, 28.85289067463524 ], [ 94.034866698209385, 28.857359918869761 ], [ 94.058193751281692, 28.859700874899897 ], [ 94.057221790737032, 28.870128129542174 ], [ 94.059408701962553, 28.875022194428137 ], [ 94.07216568411144, 28.877256364802058 ], [ 94.078240437515674, 28.883001153710826 ], [ 94.08723107255399, 28.881937327883175 ], [ 94.11566091848583, 28.889383879849387 ], [ 94.132427237881586, 28.889383879849387 ], [ 94.144576744690085, 28.898106304433426 ], [ 94.162801004902818, 28.904700821830456 ], [ 94.176165462392163, 28.911720331489619 ], [ 94.171062669532574, 28.914060062505254 ], [ 94.166931837217703, 28.919590126025518 ], [ 94.166202866809201, 28.924056500531151 ], [ 94.172763600485794, 28.932563348315643 ], [ 94.180539284843221, 28.937879773679594 ], [ 94.186371048111283, 28.935327923539827 ], [ 94.198034574647451, 28.934264634103354 ], [ 94.208240160366586, 28.93320133375849 ], [ 94.216501824996371, 28.932350685628712 ], [ 94.225492460034673, 28.929586030994553 ], [ 94.237641966843157, 28.928948023300141 ], [ 94.252707355285679, 28.92937336219936 ], [ 94.260726029779306, 28.932138022505466 ], [ 94.266314802911182, 28.940006267462135 ], [ 94.267043773319699, 28.946172852645269 ], [ 94.273604506996293, 28.952339070774247 ], [ 94.274151234802645, 28.967965599921094 ], [ 94.284842800794152, 28.972855049668791 ], [ 94.296263337194134, 28.980082508730575 ], [ 94.303067061006885, 28.984333719384907 ], [ 94.30646892291324, 28.991135292995768 ], [ 94.309384804547307, 28.993685767767357 ], [ 94.322020291628135, 28.993048154972509 ], [ 94.34145950252173, 29.002399415186908 ], [ 94.348020236198295, 29.006012175519963 ], [ 94.352151068513209, 29.013237317279096 ], [ 94.366730476683401, 29.027261149991698 ], [ 94.361384693687654, 29.034484805419211 ], [ 94.350207147423816, 29.035759515668946 ], [ 94.343160433474921, 29.035971965846691 ], [ 94.331010926666437, 29.038946222416982 ], [ 94.32712308448771, 29.041495516967576 ], [ 94.327366074623868, 29.046062845531374 ], [ 94.324207202853643, 29.054772074447513 ], [ 94.319833380402613, 29.060719417934788 ], [ 94.313758626998364, 29.06709119100913 ], [ 94.315459557951556, 29.073037823880334 ], [ 94.314001617134508, 29.077709937569345 ], [ 94.306225932777096, 29.080682990526306 ], [ 94.296749317466464, 29.082381839410342 ], [ 94.28459981065798, 29.086204146965073 ], [ 94.276581136164353, 29.09384833653758 ], [ 94.274637215075018, 29.100855011816066 ], [ 94.274637215075018, 29.108073511793883 ], [ 94.276581136164353, 29.113168618706258 ], [ 94.28338485997709, 29.118263473308357 ], [ 94.290431573926028, 29.121235355296914 ], [ 94.295291376649445, 29.13089337868761 ], [ 94.295048386513272, 29.134713884769358 ], [ 94.296506327330277, 29.140019907658292 ], [ 94.296263337194134, 29.143840074520842 ], [ 94.295777356921775, 29.149994489073187 ], [ 94.301609120189866, 29.152328825736731 ], [ 94.311814705908972, 29.154026491809471 ], [ 94.318375439585594, 29.156148534942005 ], [ 94.321291321219618, 29.152965453802139 ], [ 94.325422153534518, 29.152328825736731 ], [ 94.333440828028102, 29.155511926605826 ], [ 94.342674453202562, 29.152328825736731 ], [ 94.347777246062122, 29.151692193725662 ], [ 94.355552930419577, 29.153177662280449 ], [ 94.361384693687654, 29.152328825736731 ], [ 94.368674397772736, 29.152753244885421 ], [ 94.373534200496167, 29.154875314323704 ], [ 94.379851944036588, 29.154875314323704 ], [ 94.385683707304636, 29.161241259570577 ], [ 94.388113608666345, 29.173123301430977 ], [ 94.388842579074861, 29.178427340337198 ], [ 94.391029490300383, 29.183731105083666 ], [ 94.397347233840804, 29.183731105083666 ], [ 94.406945344219494, 29.18198089302761 ], [ 94.41374906803226, 29.179647230506873 ], [ 94.419094851027992, 29.180071536731457 ], [ 94.429057446610955, 29.187284474069571 ], [ 94.440234992874764, 29.185375216482047 ], [ 94.44485180546198, 29.182405189601241 ], [ 94.449711608185396, 29.186860197676808 ], [ 94.451655529274731, 29.190254359679276 ], [ 94.453842440500267, 29.196405992007531 ], [ 94.452384499683248, 29.202345148901149 ], [ 94.454328420772626, 29.20976861114659 ], [ 94.456758322134334, 29.212313674422283 ], [ 94.467449888125799, 29.211677414529394 ], [ 94.473038661257689, 29.209556519687052 ], [ 94.482515276568336, 29.208708149459429 ], [ 94.489319000381073, 29.20828396171197 ], [ 94.494907773512992, 29.210192792748806 ], [ 94.502197477598102, 29.216131150811492 ], [ 94.50657130004916, 29.22715861689467 ], [ 94.511431102772534, 29.231187587180031 ], [ 94.518477816721457, 29.226522449200584 ], [ 94.532814234755506, 29.221645032256337 ], [ 94.541318889521435, 29.219736414573489 ], [ 94.552739425921402, 29.228642992811764 ], [ 94.557356238508675, 29.228855044757715 ], [ 94.560029130006527, 29.236912693289462 ], [ 94.567379581625659, 29.239987155167423 ], [ 94.569323502715037, 29.24295551349115 ], [ 94.571510413940558, 29.248255939210502 ], [ 94.571267423804372, 29.252708084627763 ], [ 94.571267423804372, 29.256736049241354 ], [ 94.576370216663975, 29.257796013566121 ], [ 94.583902910885229, 29.262247743770306 ], [ 94.591678595242669, 29.273270241599469 ], [ 94.601641190825646, 29.275813726168373 ], [ 94.614762658178819, 29.281324392247864 ], [ 94.620837411583054, 29.285139294675542 ], [ 94.623996283353264, 29.29382826286313 ], [ 94.627398145259633, 29.295947411267992 ], [ 94.636874760570279, 29.295523585105041 ], [ 94.646108385744725, 29.296583147214196 ], [ 94.651697158876644, 29.302940288982896 ], [ 94.656070981327687, 29.305694927487689 ], [ 94.659715833370228, 29.306330602740193 ], [ 94.667005537455353, 29.305059248276521 ], [ 94.676968133038315, 29.311203981487861 ], [ 94.682556906170191, 29.314594020759454 ], [ 94.691547541208493, 29.317772080291725 ], [ 94.694220432706345, 29.318089880800489 ], [ 94.700538176246738, 29.311945562201693 ], [ 94.703697048016949, 29.307919773551912 ], [ 94.709285821148839, 29.303681929738794 ], [ 94.711958712646734, 29.300503431421838 ], [ 94.713416653463725, 29.296053367533876 ], [ 94.714874594280744, 29.291815031147483 ], [ 94.724108219455218, 29.291391187834694 ], [ 94.735042775582855, 29.287364588641712 ], [ 94.735042775582855, 29.280794533422842 ], [ 94.736500716399874, 29.275919703318447 ], [ 94.739173607897754, 29.270196779964184 ], [ 94.743061450076482, 29.265957370903308 ], [ 94.74597733171052, 29.262989679963638 ], [ 94.748650223208358, 29.250270028993075 ], [ 94.74597733171052, 29.247089869109324 ], [ 94.744762381029645, 29.243273546776628 ], [ 94.749622183753047, 29.236488622335109 ], [ 94.751566104842439, 29.229067096264526 ], [ 94.770276345327446, 29.218463983027831 ], [ 94.776715583935939, 29.216979459581918 ], [ 94.786921169655074, 29.21835794635226 ], [ 94.790930506901873, 29.218994164759327 ], [ 94.794696854012528, 29.217297573559872 ], [ 94.798341706055055, 29.213904306869768 ], [ 94.803930479186988, 29.208390008813442 ], [ 94.800528617280619, 29.20531459831966 ], [ 94.797369745510409, 29.186541989230552 ], [ 94.800893102484878, 29.175085827777615 ], [ 94.804294964391232, 29.166811137932054 ], [ 94.806967855889113, 29.164821930347888 ], [ 94.810126727659295, 29.164821930347888 ], [ 94.814743540246525, 29.168428998343977 ], [ 94.821547264059276, 29.172460277292391 ], [ 94.828836968144401, 29.173521113858154 ], [ 94.832117334982669, 29.178082586138991 ], [ 94.837584613046531, 29.177021796725505 ], [ 94.842201425633746, 29.178931209774049 ], [ 94.845967772744388, 29.182113485895375 ], [ 94.849855614923086, 29.182749929275225 ], [ 94.85678083380391, 29.181370963628805 ], [ 94.862248111867757, 29.180628435988336 ], [ 94.866135954046484, 29.181264888580607 ], [ 94.878528450991141, 29.179885902974107 ], [ 94.886364882882617, 29.178825132203496 ], [ 94.894505052444302, 29.176173157299139 ], [ 94.899850835440049, 29.173521113858154 ], [ 94.901916251597484, 29.170444657609124 ], [ 94.905075123367709, 29.16991422479791 ], [ 94.907262034593231, 29.167792466142412 ], [ 94.909205955682609, 29.161214735617449 ], [ 94.914187253474097, 29.158456207081603 ], [ 94.917710610448552, 29.157289115009174 ], [ 94.921355462491093, 29.157183015072171 ], [ 94.926336760282581, 29.156970814869332 ], [ 94.933261979163404, 29.159517188364969 ], [ 94.941037663520845, 29.161426927050808 ], [ 94.947841387333597, 29.159835480612422 ], [ 94.954037635805946, 29.159941577808983 ], [ 94.961327339891028, 29.159835480612422 ], [ 94.969103024248469, 29.156970814869332 ], [ 94.976696466003773, 29.153495974175875 ], [ 94.989939428425018, 29.147766209138634 ], [ 94.994677736080334, 29.143627846754161 ], [ 94.997593617714358, 29.138003651228118 ], [ 95.000630994416511, 29.131742392309313 ], [ 95.013873956837756, 29.127072730626985 ], [ 95.019098244765416, 29.126329810350903 ], [ 95.020799175718579, 29.127072730626985 ], [ 95.022014126399455, 29.128027905952031 ], [ 95.017640303948397, 29.131211759617401 ], [ 95.015088907518589, 29.135668989104222 ], [ 95.014359937110086, 29.14511343191591 ], [ 95.008892659046268, 29.154450903943442 ], [ 95.003546876050535, 29.161029067753546 ], [ 94.996986142373927, 29.166970272873698 ], [ 94.99492072621652, 29.169728572666401 ], [ 94.99176185444631, 29.17100160911076 ], [ 94.987874012267582, 29.171532036302633 ], [ 94.986416071450563, 29.173335468250698 ], [ 94.993462785399458, 29.173017217856643 ], [ 94.997593617714358, 29.172486798340177 ], [ 95.001359964825014, 29.169198136154719 ], [ 95.003668371118607, 29.167818988396288 ], [ 95.006584252752674, 29.165166729090533 ], [ 95.013144986429239, 29.162408306726203 ], [ 95.027238414327073, 29.156572938307235 ], [ 95.041939317565379, 29.150312810832695 ], [ 95.049350516718562, 29.151692193725669 ], [ 95.054817794782394, 29.1536020779218 ], [ 95.07073364870152, 29.144264528739203 ], [ 95.07535046128875, 29.14500731940236 ], [ 95.079238303467463, 29.146492884619622 ], [ 95.084523338929159, 29.143442147098757 ], [ 95.09108407260571, 29.142062653438298 ], [ 95.097401816146132, 29.141532074022468 ], [ 95.098859756963151, 29.130389273532376 ], [ 95.110037303226989, 29.121474163515092 ], [ 95.117084017175912, 29.116167183476776 ], [ 95.119270928401448, 29.111602961663849 ], [ 95.113317670065271, 29.10714468907597 ], [ 95.100803678052529, 29.101306182896693 ], [ 95.101532648461088, 29.096953626464614 ], [ 95.109308332818529, 29.096316651550897 ], [ 95.123401760716362, 29.099501486709318 ], [ 95.130691464801487, 29.097378274217682 ], [ 95.131663425346176, 29.092070051416524 ], [ 95.137252198478052, 29.088672645210689 ], [ 95.150616655967426, 29.090371362323928 ], [ 95.155476458690785, 29.094193373376655 ], [ 95.158392340324852, 29.099289167430712 ], [ 95.167625965499312, 29.098227564469116 ], [ 95.178803511763107, 29.104172400044053 ], [ 95.186336205984375, 29.101836969871528 ], [ 95.193868900205629, 29.102049283895095 ], [ 95.204317476060965, 29.106507777224195 ], [ 95.207962328103505, 29.108630801400608 ], [ 95.215252032188587, 29.107781596985877 ], [ 95.221326785592851, 29.105021634241044 ], [ 95.230560410767325, 29.103110847443876 ], [ 95.236149183899229, 29.085912170141548 ], [ 95.245868789346019, 29.081877496571849 ], [ 95.252915503294943, 29.082939268095934 ], [ 95.258990256699207, 29.079116839394036 ], [ 95.260205207380039, 29.072321060425477 ], [ 95.26287809887792, 29.068498237808306 ], [ 95.269924812826844, 29.071683933169449 ], [ 95.271382753643863, 29.074232418560157 ], [ 95.271139763507691, 29.082089851752162 ], [ 95.272597704324696, 29.099501486709318 ], [ 95.271625743780021, 29.1033231588398 ], [ 95.272840694460882, 29.105233941695399 ], [ 95.283046280179988, 29.109479998807402 ], [ 95.281831329499155, 29.112239841979413 ], [ 95.278915447865117, 29.114150459272253 ], [ 95.278186477456615, 29.117759306237833 ], [ 95.283775250588505, 29.119457543355203 ], [ 95.288392063175749, 29.122217118870065 ], [ 95.295681767260845, 29.129221862630459 ], [ 95.297868678486367, 29.131981176127116 ], [ 95.299569609439573, 29.136438372253359 ], [ 95.306616323388496, 29.139197492048901 ], [ 95.311719116248057, 29.139197492048901 ], [ 95.3160929386991, 29.136650614867246 ], [ 95.325083573737373, 29.136650614867246 ], [ 95.328728425779957, 29.137287340079318 ], [ 95.331158327141665, 29.137287340079318 ], [ 95.332859258094814, 29.140046437084507 ], [ 95.34233587340546, 29.137075098780223 ], [ 95.349139597218212, 29.135801641782162 ], [ 95.37003674892884, 29.13601388571082 ], [ 95.380728314920304, 29.136862857042853 ], [ 95.392148851320286, 29.133891426703158 ], [ 95.395793703362827, 29.130283145816296 ], [ 95.397251644179832, 29.125401152457727 ], [ 95.404055367992626, 29.12412755085245 ], [ 95.412803012894727, 29.126250211431515 ], [ 95.413774973439416, 29.132830180765403 ], [ 95.410859091805378, 29.137711821362693 ], [ 95.409158160852186, 29.143866602960831 ], [ 95.415232914256435, 29.148111065146733 ], [ 95.414503943847919, 29.158084861042688 ], [ 95.414260953711747, 29.163814050460591 ], [ 95.419363746571321, 29.165723709228633 ], [ 95.42063944478619, 29.170497700739467 ], [ 95.41893851383297, 29.180469322223381 ], [ 95.420396454650032, 29.184924414365788 ], [ 95.426957188326597, 29.184075840302086 ], [ 95.433274931867004, 29.190439974674515 ], [ 95.433274931867004, 29.192773391671551 ], [ 95.440321645815956, 29.192773391671551 ], [ 95.445667428811689, 29.188318640424608 ], [ 95.447854340037225, 29.18004501764382 ], [ 95.45441507371379, 29.177499153318632 ], [ 95.452957132896771, 29.170073354929077 ], [ 95.455630024394665, 29.167102885136639 ], [ 95.451256201943579, 29.162222641020531 ], [ 95.451742182215938, 29.157978761927815 ], [ 95.456116004666995, 29.154583532375653 ], [ 95.451985172352082, 29.148641610591159 ], [ 95.454658063849976, 29.144609396500577 ], [ 95.457087965211684, 29.143336032859263 ], [ 95.459760856709522, 29.136968977966333 ], [ 95.467050560794647, 29.136332250782075 ], [ 95.468022521339321, 29.138242420501651 ], [ 95.472153353654193, 29.139091373426375 ], [ 95.473125314198882, 29.142911574805556 ], [ 95.47604119583292, 29.142487114998538 ], [ 95.479929038011633, 29.144184943706794 ], [ 95.483087909781858, 29.143123804051573 ], [ 95.489162663186107, 29.137605701206205 ], [ 95.500097219313744, 29.13187505005434 ], [ 95.505200012173304, 29.126356343310313 ], [ 95.508115893807343, 29.126356343310313 ], [ 95.512246726122243, 29.128691216929479 ], [ 95.510545795169037, 29.132936305852176 ], [ 95.513947657075434, 29.140364789664901 ], [ 95.516620548573286, 29.143972716652414 ], [ 95.514190647211578, 29.148004955729068 ], [ 95.516377558437114, 29.150975977996932 ], [ 95.516620548573286, 29.15500794220787 ], [ 95.513461676803075, 29.156705563999196 ], [ 95.515648588028597, 29.162647019283018 ], [ 95.513704666939248, 29.166678525292216 ], [ 95.509087854352032, 29.16880030697213 ], [ 95.511517755713726, 29.171346387097273 ], [ 95.506900943126496, 29.172831571337678 ], [ 95.506657952990324, 29.177923468426048 ], [ 95.503256091083955, 29.183439405147865 ], [ 95.501555160130764, 29.186833680343977 ], [ 95.505443002309491, 29.19319764360317 ], [ 95.506900943126496, 29.194894633777686 ], [ 95.519050449934994, 29.190864236259348 ], [ 95.529499025790315, 29.189167179389674 ], [ 95.530956966607334, 29.191924882542843 ], [ 95.532414907424354, 29.19425826575327 ], [ 95.541891522734957, 29.195106755574876 ], [ 95.548695246547709, 29.197015832002723 ], [ 95.556106445700891, 29.191924882542843 ], [ 95.559508307607274, 29.187894368309564 ], [ 95.563639139922145, 29.186621541434654 ], [ 95.574087715777438, 29.179620711309557 ], [ 95.579190508637026, 29.182590818800392 ], [ 95.584779281768917, 29.184500128211365 ], [ 95.58866712394763, 29.187894368309564 ], [ 95.595956828032755, 29.188106504586457 ], [ 95.601302611028487, 29.190864236259348 ], [ 95.603975502526367, 29.19425826575327 ], [ 95.594741877351908, 29.206772778592846 ], [ 95.596199818168927, 29.215044244934088 ], [ 95.596685798441257, 29.223315043555196 ], [ 95.596685798441257, 29.226495942127563 ], [ 95.601059620892315, 29.233069486085125 ], [ 95.610050255930588, 29.235401932495741 ], [ 95.623171723283775, 29.230524938486301 ], [ 95.635078239956101, 29.224587414839647 ], [ 95.637751131453982, 29.221618523920945 ], [ 95.638237111726312, 29.215468404697148 ], [ 95.640910003224164, 29.213347588321948 ], [ 95.647956717173116, 29.210378371647657 ], [ 95.65451745084971, 29.215680483920185 ], [ 95.662536125343294, 29.220982321813512 ], [ 95.664480046432672, 29.22416329283449 ], [ 95.675657592696467, 29.22416329283449 ], [ 95.694124843045387, 29.223951231173306 ], [ 95.700928566858138, 29.222678851985393 ], [ 95.706031359717727, 29.212711334849093 ], [ 95.703358468219847, 29.205924385321296 ], [ 95.710891162441101, 29.206984875813436 ], [ 95.71696591584535, 29.212499249480175 ], [ 95.723526649521958, 29.21610464104922 ], [ 95.730330373334709, 29.218013326398623 ], [ 95.735190176058111, 29.217801252004776 ], [ 95.740778949190002, 29.221618523920945 ], [ 95.742236890007021, 29.226495942127563 ], [ 95.734461205649609, 29.231161081314621 ], [ 95.730087383198537, 29.236462117842127 ], [ 95.731059343743212, 29.241550854657952 ], [ 95.736405126738944, 29.252363580291398 ], [ 95.735676156330427, 29.256391558470614 ], [ 95.743208850551696, 29.263175163170835 ], [ 95.753171446134672, 29.276529069798706 ], [ 95.748554633547428, 29.280979984324137 ], [ 95.747825663138912, 29.285642639219517 ], [ 95.747825663138912, 29.289033527304912 ], [ 95.738592037964466, 29.296662613929179 ], [ 95.738592037964466, 29.298993610055415 ], [ 95.757302278449544, 29.322512501794748 ], [ 95.764834972670826, 29.322512501794748 ], [ 95.774554578117602, 29.32335992823905 ], [ 95.78160129206654, 29.32526661199752 ], [ 95.797395650917579, 29.338135795011002 ], [ 95.806386285955853, 29.343007654390814 ], [ 95.811975059087757, 29.347243864565815 ], [ 95.825339516577131, 29.350420906634692 ], [ 95.839918924747309, 29.352115288566953 ], [ 95.842348826109017, 29.343854910512768 ], [ 95.842105835972845, 29.339618559472097 ], [ 95.837489023385615, 29.334322873077685 ], [ 95.837732013521787, 29.328179532248175 ], [ 95.839189954338806, 29.323306964292541 ], [ 95.841133875428156, 29.320976523420391 ], [ 95.845750688015386, 29.319705351413837 ], [ 95.850853480874932, 29.316951091062272 ], [ 95.861788037002583, 29.314832378658011 ], [ 95.867619800270688, 29.318010430766108 ], [ 95.877582395853651, 29.314196756357859 ], [ 95.886816021028082, 29.327543993107501 ], [ 95.890217882934465, 29.328815067428284 ], [ 95.89337675470469, 29.331357168542038 ], [ 95.903582340423824, 29.333899206282474 ], [ 95.907470182602552, 29.337712144060699 ], [ 95.92423650199828, 29.342372207677233 ], [ 95.930797235674831, 29.347879280904145 ], [ 95.939301890440788, 29.350420906634692 ], [ 95.942460762210999, 29.366092864235263 ], [ 95.955339239428, 29.367786985479313 ], [ 95.965909310351392, 29.375568992768986 ], [ 95.977572836887518, 29.369428138554341 ], [ 95.977572836887518, 29.364557542511005 ], [ 95.984376560700269, 29.363286913922835 ], [ 95.995797097100294, 29.367945807900789 ], [ 96.005759692683256, 29.366039922492206 ], [ 96.01280640663218, 29.365616387556774 ], [ 96.020096110717276, 29.364345772180648 ], [ 96.027628804938516, 29.368581095109246 ], [ 96.037834390657679, 29.37620423240638 ], [ 96.051684828419369, 29.382556410718362 ], [ 96.058002571959747, 29.378321669230807 ], [ 96.06310536481935, 29.374510251229928 ], [ 96.075011881491676, 29.368157570744042 ], [ 96.079385703942734, 29.36731051672842 ], [ 96.088133348844821, 29.364769312400977 ], [ 96.100525845789491, 29.36243981938954 ], [ 96.118264125729908, 29.355662809473312 ], [ 96.129441671993703, 29.347402719021851 ], [ 96.138675297168191, 29.341260166395536 ], [ 96.142806129483063, 29.328973950604475 ], [ 96.14159117880223, 29.317957464042141 ], [ 96.144750050572441, 29.311813137469453 ], [ 96.147908922342651, 29.303549494284688 ], [ 96.153254705338355, 29.293589855915734 ], [ 96.168563083917093, 29.294225606538692 ], [ 96.172754663765986, 29.284529979541091 ], [ 96.182231279076618, 29.274356529211254 ], [ 96.189035002889383, 29.267573666343129 ], [ 96.200941519561709, 29.262910187057553 ], [ 96.215520927731902, 29.263546128575857 ], [ 96.221352690999964, 29.260154394775991 ], [ 96.224268572633989, 29.254642587428815 ], [ 96.246137684889305, 29.248918473120298 ], [ 96.259988122650995, 29.245526254253523 ], [ 96.262418024012703, 29.242769993618182 ], [ 96.262175033876517, 29.23640910883557 ], [ 96.25877317197012, 29.230259877808017 ], [ 96.26193204374033, 29.226867040525462 ], [ 96.263146994421206, 29.220929304792865 ], [ 96.254399349519076, 29.213718734356593 ], [ 96.261446063468, 29.214779144190466 ], [ 96.270922678778589, 29.210219304040635 ], [ 96.28331517572326, 29.210219304040635 ], [ 96.283558165859418, 29.207462092954916 ], [ 96.28380115599559, 29.202583768550806 ], [ 96.298380564165797, 29.196008268317367 ], [ 96.301539435936007, 29.189220212841889 ], [ 96.301053455663677, 29.179037287234927 ], [ 96.30178242607218, 29.174794103262933 ], [ 96.300567475391304, 29.166095027641912 ], [ 96.297408603621093, 29.158880600910347 ], [ 96.280399294089221, 29.157395214836541 ], [ 96.263875964829666, 29.15909279716702 ], [ 96.254642339655206, 29.154424378236435 ], [ 96.245408714480746, 29.150180176886089 ], [ 96.244193763799913, 29.139568906364847 ], [ 96.238604990667994, 29.132352616519107 ], [ 96.232530237263745, 29.128744281622808 ], [ 96.203614411059519, 29.120890409113937 ], [ 96.190735933842504, 29.117069389400154 ], [ 96.182231279076561, 29.110276115011523 ], [ 96.19510975629359, 29.086920813840955 ], [ 96.196324706974437, 29.083788677435667 ], [ 96.197782647791456, 29.075719005933252 ], [ 96.197782647791456, 29.071046801974617 ], [ 96.19049294370636, 29.064038098885703 ], [ 96.184904170574455, 29.060002568820444 ], [ 96.182960249485063, 29.055117242150459 ], [ 96.187091081799963, 29.054480008565733 ], [ 96.188549022616982, 29.049594420279746 ], [ 96.182960249485063, 29.047045325832745 ], [ 96.185390150846771, 29.041309633035254 ], [ 96.192436864795695, 29.037485660704998 ], [ 96.200698529425466, 29.033024180571136 ], [ 96.202885440651031, 29.028562507597719 ], [ 96.20993215459994, 29.028562507597719 ], [ 96.216249898140376, 29.032174352966894 ], [ 96.229857345765865, 29.045133463661941 ], [ 96.235689109033942, 29.058515754769509 ], [ 96.242978813119038, 29.07465715999799 ], [ 96.253670379110517, 29.084638079771253 ], [ 96.262904004284962, 29.090371362323925 ], [ 96.268735767553068, 29.09610432570388 ], [ 96.28064228422538, 29.099926123952795 ], [ 96.295950662804074, 29.098439885937236 ], [ 96.30955811042962, 29.101836969871524 ], [ 96.343819719629565, 29.10035075944462 ], [ 96.353539325076355, 29.103323158839789 ], [ 96.368604713518906, 29.110329189206134 ], [ 96.369090693791236, 29.108630801400594 ], [ 96.358399127799771, 29.09419337337664 ], [ 96.352324374395508, 29.075081899685124 ], [ 96.353296334940197, 29.069984907897123 ], [ 96.356212216574207, 29.068285854616548 ], [ 96.362529960114628, 29.068710620562417 ], [ 96.361800989706111, 29.054055183988506 ], [ 96.362651455182728, 29.04863851724366 ], [ 96.365081356544394, 29.038654111728217 ], [ 96.368969198723121, 29.038229221977694 ], [ 96.373100031038035, 29.033342864118968 ], [ 96.382576646348667, 29.031218288549322 ], [ 96.392782232067773, 29.029943522218897 ], [ 96.404202768467755, 29.025694187435267 ], [ 96.419997127318823, 29.015495070461576 ], [ 96.434576535489015, 29.005719971658014 ], [ 96.434576535489015, 29.001044597502567 ], [ 96.429716732765598, 28.997644192548368 ], [ 96.428744772220938, 28.995093815426163 ], [ 96.429230752493268, 28.99126813177644 ], [ 96.428258791948593, 28.984891677812293 ], [ 96.433361584808168, 28.979577665859832 ], [ 96.43627746644222, 28.971552990510222 ], [ 96.43603447630602, 28.963687141905375 ], [ 96.441380259301752, 28.952418803949371 ], [ 96.447698002842188, 28.945189413229141 ], [ 96.454501726654939, 28.936470947517467 ], [ 96.465436282782591, 28.933493742440728 ], [ 96.471754026322984, 28.928815104536216 ], [ 96.477342799454902, 28.937534214318205 ], [ 96.480258681088969, 28.940723949264356 ], [ 96.48584745422086, 28.946465224725383 ], [ 96.497996961029344, 28.946465224725383 ], [ 96.508931517156995, 28.946465224725383 ], [ 96.519866073284646, 28.934344381189469 ], [ 96.523024945054843, 28.927751748289818 ], [ 96.523753915463374, 28.920733323532001 ], [ 96.526183816825068, 28.91477792394166 ], [ 96.518894112739972, 28.90903489335248 ], [ 96.517679162059125, 28.900579297560476 ], [ 96.520352053556977, 28.888240336929403 ], [ 96.527155777369728, 28.880368164899078 ], [ 96.521324014101666, 28.870367518512328 ], [ 96.523510925327187, 28.861855571930942 ], [ 96.530800629412298, 28.860791529595893 ], [ 96.534992209261219, 28.85217238532427 ], [ 96.539852011984593, 28.849405594953687 ], [ 96.547627696342033, 28.848767094415475 ], [ 96.549571617431397, 28.851108243892469 ], [ 96.55564637083566, 28.841530481056122 ], [ 96.561964114376082, 28.833229039996667 ], [ 96.567552887507972, 28.824714053596043 ], [ 96.57921641404414, 28.819604727448674 ], [ 96.588936019490944, 28.820456299216755 ], [ 96.590393960307964, 28.81832735673953 ], [ 96.581403325269648, 28.809598237579237 ], [ 96.577272492954791, 28.801720111890766 ], [ 96.578487443635623, 28.799590786487528 ], [ 96.575085581729226, 28.794267282652719 ], [ 96.571683719822872, 28.791286001750525 ], [ 96.573627640912207, 28.784258359463379 ], [ 96.58188930554202, 28.778934072730969 ], [ 96.591851901124983, 28.781276792378073 ], [ 96.598412634801548, 28.781489764282298 ], [ 96.603029447388778, 28.781063820038987 ], [ 96.604487388205797, 28.76956266800925 ], [ 96.604487388205712, 28.758699304813259 ], [ 96.6137210133802, 28.741656457641994 ], [ 96.624898559643995, 28.734412405504091 ], [ 96.629272382095053, 28.737821433776524 ], [ 96.633160224273766, 28.725889348298455 ], [ 96.632674244001436, 28.715660762356347 ], [ 96.629272382095053, 28.71054609419463 ], [ 96.629272382095053, 28.702021091519033 ], [ 96.638991987541871, 28.696479467313967 ], [ 96.646767671899312, 28.688805964796078 ], [ 96.64190786917591, 28.681984601504809 ], [ 96.64044992835889, 28.673030887906432 ], [ 96.646767671899312, 28.666208497229583 ], [ 96.640935908631207, 28.662370707280864 ], [ 96.632674244001436, 28.662370707280864 ], [ 96.627328461005703, 28.665782083063988 ], [ 96.618094835831243, 28.66364998621146 ], [ 96.611291112018492, 28.6602385410329 ], [ 96.610683636678047, 28.661944277500936 ], [ 96.609104200792956, 28.66151784598615 ], [ 96.606309814227004, 28.662157492607765 ], [ 96.60242197204829, 28.665462271301205 ], [ 96.603879912865295, 28.669299948041449 ], [ 96.603758417797224, 28.672711098266536 ], [ 96.598412634801491, 28.678573753235195 ], [ 96.593917317282333, 28.68155825154561 ], [ 96.591244425784481, 28.681984601504809 ], [ 96.589179009627031, 28.682517536513082 ], [ 96.586384623061079, 28.68209118872343 ], [ 96.581403325269605, 28.682304362835215 ], [ 96.579459404180213, 28.682730709757053 ], [ 96.577029502818505, 28.682943882567098 ], [ 96.576422027478102, 28.685182170874686 ], [ 96.575328571865342, 28.686780918946653 ], [ 96.57605754227383, 28.689232285247435 ], [ 96.577393988022763, 28.691044127799383 ], [ 96.57617903734193, 28.692323056604469 ], [ 96.573506145844078, 28.691470439137074 ], [ 96.571683719822772, 28.691363861465415 ], [ 96.570833254346198, 28.693708545178467 ], [ 96.568160362848332, 28.693815120463107 ], [ 96.565487471350451, 28.695413736711746 ], [ 96.563057569988757, 28.69701232854591 ], [ 96.559898698218532, 28.693815120463107 ], [ 96.559048232741958, 28.689338865089059 ], [ 96.556010856039819, 28.685395338694601 ], [ 96.543132378822818, 28.685182170874686 ], [ 96.535235199397306, 28.680172602191778 ], [ 96.535842674737737, 28.676868287448091 ], [ 96.54531929004834, 28.667807534897985 ], [ 96.542038923210058, 28.661198021211586 ], [ 96.512758611801601, 28.626224628253329 ], [ 96.495961918638869, 28.626171306254481 ], [ 96.49450397782185, 28.622225403180401 ], [ 96.494746967958022, 28.609746841890086 ], [ 96.487578758940984, 28.606013650840769 ], [ 96.463401240392116, 28.601320308169015 ], [ 96.460120873553791, 28.600253610143479 ], [ 96.450735379544241, 28.591852984833192 ], [ 96.448305478182519, 28.58758574342955 ], [ 96.451585845020816, 28.582784889829099 ], [ 96.468230669348458, 28.573609315501628 ], [ 96.47564186850164, 28.569341333805745 ], [ 96.480137186020798, 28.566673757330307 ], [ 96.482445592314392, 28.560378008746159 ], [ 96.481716621905889, 28.554828901173074 ], [ 96.467258708803769, 28.543036076489216 ], [ 96.458632558969754, 28.533857036759372 ], [ 96.451221359816557, 28.530227893510137 ], [ 96.431903643991063, 28.524783944317832 ], [ 96.411492472552766, 28.517204644943643 ], [ 96.408181731947508, 28.509251132384051 ], [ 96.409882662900699, 28.507649681480572 ], [ 96.433695696245351, 28.50551437579135 ], [ 96.443050816487883, 28.499535289945438 ], [ 96.446331183326166, 28.490032117169605 ], [ 96.474396544053789, 28.491527054989586 ], [ 96.478648871436761, 28.490032117169605 ], [ 96.480835782662311, 28.469421174296791 ], [ 96.483387179092077, 28.44771126149751 ], [ 96.489097447292053, 28.434570994106267 ], [ 96.496508646445236, 28.43083159534061 ], [ 96.506106756823982, 28.441194747540298 ], [ 96.510845064479298, 28.459140898063662 ], [ 96.513760946113322, 28.530788284082572 ], [ 96.524574007172873, 28.553201463196022 ], [ 96.538454818701567, 28.571928818373213 ], [ 96.552305256463271, 28.583131625488043 ], [ 96.577697725693, 28.591772975650244 ], [ 96.595375258099352, 28.60124030619269 ], [ 96.608861210656784, 28.61084010843938 ], [ 96.613599518312085, 28.613719878056557 ], [ 96.632066768661005, 28.610626789030569 ], [ 96.648225612716317, 28.610520129163714 ], [ 96.655029336529068, 28.609240202313892 ], [ 96.663048011022696, 28.601773651551003 ], [ 96.674590042490749, 28.597293466409567 ], [ 96.691842342158807, 28.587799109613254 ], [ 96.704963809511966, 28.585772113386419 ], [ 96.715655375503445, 28.58363839093311 ], [ 96.723674049997058, 28.578090509939528 ], [ 96.728533852720432, 28.574889676248752 ], [ 96.746029142524662, 28.57168874516362 ], [ 96.758178649333189, 28.558670622185652 ], [ 96.750645955111921, 28.541168313447141 ], [ 96.765468353418271, 28.517044513023613 ], [ 96.770328156141673, 28.515122911016466 ], [ 96.783206633358674, 28.513201273994657 ], [ 96.861206467069223, 28.485867535903715 ], [ 96.865155056781944, 28.448592562480865 ], [ 96.881921376177687, 28.432354080785593 ], [ 96.888968090126625, 28.427011930191625 ], [ 96.89042603094363, 28.421883211948831 ], [ 96.892612942169166, 28.416967957146436 ], [ 96.887753139445749, 28.409060329366103 ], [ 96.883865297267022, 28.402862046242955 ], [ 96.885566228220213, 28.394098337582438 ], [ 96.889697060535127, 28.384211576928799 ], [ 96.901360587071281, 28.379935935424808 ], [ 96.909622251701066, 28.373735949057334 ], [ 96.91253813333509, 28.369673692534164 ], [ 96.917397936058507, 28.365611280473946 ], [ 96.922257738781909, 28.363686925741366 ], [ 96.922257738781909, 28.358341312847067 ], [ 96.924930630279761, 28.352353906798928 ], [ 96.929790433003163, 28.351498535513176 ], [ 96.93416425545422, 28.352140064623494 ], [ 96.940967979266972, 28.34786313067562 ], [ 96.947285722807393, 28.34786313067562 ], [ 96.957734298662686, 28.342944443687479 ], [ 96.965752973156313, 28.336742296304145 ], [ 96.972070716696706, 28.331395326918862 ], [ 96.978145470100941, 28.329256463830209 ], [ 96.999285611947741, 28.326903664715637 ], [ 97.002565978786038, 28.325192505374151 ], [ 97.022005189679632, 28.329684239891623 ], [ 97.03099582471792, 28.333961905802685 ], [ 97.038771509075346, 28.340378081790593 ], [ 97.040958420300882, 28.345296887623846 ], [ 97.047033173705117, 28.349573924926208 ], [ 97.049706065202997, 28.352567748543663 ], [ 97.051406996156175, 28.353850789967723 ], [ 97.050921015883844, 28.35705832569251 ], [ 97.055051848198744, 28.360693415689404 ], [ 97.064771453645534, 28.362617824701029 ], [ 97.078864881543396, 28.371384135291656 ], [ 97.096603161483799, 28.367321788718947 ], [ 97.103892865568881, 28.365183649104544 ], [ 97.121145165236953, 28.362831645770669 ], [ 97.129649820002911, 28.358768971786048 ], [ 97.13572457340716, 28.355989157885368 ], [ 97.138883445177342, 28.353209271193787 ], [ 97.142528297219883, 28.352353906798928 ], [ 97.147145109807127, 28.352567748543663 ], [ 97.149332021032635, 28.344227601384485 ], [ 97.15759368566242, 28.336956169482949 ], [ 97.164154419339013, 28.332464742320603 ], [ 97.168771231926257, 28.330967557744849 ], [ 97.171930103696468, 28.334389662923122 ], [ 97.178976817645378, 28.333748026596723 ], [ 97.187238482275163, 28.324764711234632 ], [ 97.192098284998551, 28.320058862076124 ], [ 97.198659018675158, 28.315352804623174 ], [ 97.200359949628265, 28.31021868623289 ], [ 97.210079555075069, 28.303372809535198 ], [ 97.221743081611208, 28.308507258361026 ], [ 97.22077112106652, 28.303372809535198 ], [ 97.239238371415468, 28.296098582866293 ], [ 97.23535052923674, 28.28326049937813 ], [ 97.238266410870779, 28.276840877110629 ], [ 97.240210331960128, 28.272988918015621 ], [ 97.24507013468353, 28.272132908189832 ], [ 97.250415917679277, 28.264428510256209 ], [ 97.261107483670742, 28.264000471815113 ], [ 97.268883168028182, 28.252014697522867 ], [ 97.270341108845201, 28.247305631788024 ], [ 97.275686891840934, 28.246021305042397 ], [ 97.282976595926016, 28.242596358107658 ], [ 97.286378457832399, 28.235317980728333 ], [ 97.298527964640911, 28.232320857483803 ], [ 97.317967175534491, 28.220331522762351 ], [ 97.329144721798301, 28.21519282423472 ], [ 97.34664001160256, 28.217762204411443 ], [ 97.34712599187489, 28.209197363409281 ], [ 97.357331577594024, 28.205342960876031 ], [ 97.363163340862101, 28.201488419274725 ], [ 97.362191380317412, 28.19592050258278 ], [ 97.358789518411044, 28.189067283811436 ], [ 97.357817557866369, 28.18349872004498 ], [ 97.355387656504661, 28.176216314463439 ], [ 97.35405121075577, 28.175868245898066 ], [ 97.355296535203664, 28.17233394709767 ], [ 97.361128298471726, 28.165586325152237 ], [ 97.358941387246205, 28.163015690579048 ], [ 97.355843263010044, 28.162024908685048 ], [ 97.356663354719601, 28.16138223444409 ], [ 97.356936718622805, 28.160578886216086 ], [ 97.355995131845148, 28.160043317380946 ], [ 97.352593269938751, 28.157311874637777 ], [ 97.353200745279196, 28.156615613379255 ], [ 97.353686725551512, 28.154888330320791 ], [ 97.353200745279196, 28.152076414569137 ], [ 97.349130660498346, 28.151058750668987 ], [ 97.345759172358981, 28.149532236683598 ], [ 97.342539553054749, 28.149612580067462 ], [ 97.34150684497601, 28.149692923391054 ], [ 97.334763868697294, 28.145327515471134 ], [ 97.325879541843577, 28.139662932601475 ], [ 97.32502907636696, 28.134681066074492 ], [ 97.33177205264569, 28.130529333686411 ], [ 97.333321114763791, 28.128681091399976 ], [ 97.334444944143542, 28.127689991828223 ], [ 97.335629521057385, 28.125172021968908 ], [ 97.33742157331163, 28.121314591730659 ], [ 97.33954773700313, 28.119921596700536 ], [ 97.344324011867215, 28.116907843596511 ], [ 97.339676825512967, 28.109379788054376 ], [ 97.338552996133174, 28.107571368600496 ], [ 97.323335738855562, 28.097658009305515 ], [ 97.310760999308727, 28.089619478081907 ], [ 97.306569419459805, 28.079490071669515 ], [ 97.306812409595949, 28.071878989560336 ], [ 97.306508671925741, 28.069922532740403 ], [ 97.312340435193818, 28.060541765452726 ], [ 97.323274991321455, 28.058987159212254 ], [ 97.338401127298042, 28.060005696875198 ], [ 97.345204851110822, 28.062954040965295 ], [ 97.347938490142724, 28.06590230417439 ], [ 97.35480296148954, 28.066706361920769 ], [ 97.358204823395894, 28.063329278956662 ], [ 97.359237531474633, 28.057432530487617 ], [ 97.361910422972485, 28.052500456080587 ], [ 97.365919760219271, 28.049122926786328 ], [ 97.367635878055992, 28.047541348822726 ], [ 97.367818120658114, 28.04212627863981 ], [ 97.374864834607052, 28.0334937714495 ], [ 97.375533057481505, 28.032367741187663 ], [ 97.377598473638955, 28.031724290033509 ], [ 97.383733974577254, 28.026951907226969 ], [ 97.393878812762296, 28.019497987168094 ], [ 97.395822733851674, 28.01134634717425 ], [ 97.39193489167296, 28.005124943646884 ], [ 97.386832098813358, 27.998474080494326 ], [ 97.380271365136792, 27.990106282504712 ], [ 97.375897542685735, 27.980664910080336 ], [ 97.374196611732543, 27.977875255480221 ], [ 97.366906907647433, 27.976158509093363 ], [ 97.36520597669427, 27.970364288320575 ], [ 97.363505045741078, 27.963282040334718 ], [ 97.367392887919792, 27.958131022592202 ], [ 97.375654552549562, 27.952765117728564 ], [ 97.377112493366582, 27.948472201824394 ], [ 97.368364848464452, 27.940529857513031 ], [ 97.367149897783619, 27.935807105666701 ], [ 97.371037739962333, 27.931298831784066 ], [ 97.369336809009141, 27.922711123152276 ], [ 97.376383522958065, 27.901024123066232 ], [ 97.378084453911256, 27.891628652182888 ], [ 97.369336809009141, 27.884756019923376 ], [ 97.367149897783619, 27.881749106131828 ], [ 97.365448966830414, 27.877238578900499 ], [ 97.359131223289992, 27.873587062137048 ], [ 97.351598529068724, 27.87766816101551 ], [ 97.344308824983642, 27.883037793694818 ], [ 97.337991081443221, 27.886259445508109 ], [ 97.325355594362364, 27.886044671702617 ], [ 97.318794860685813, 27.889266234051767 ], [ 97.319037850821985, 27.895494316099587 ], [ 97.317093929732621, 27.901507296658924 ], [ 97.306645353877315, 27.913317535682761 ], [ 97.294495847068802, 27.914605847389062 ], [ 97.273598695358203, 27.904084186047974 ], [ 97.250028652149695, 27.88883669794372 ], [ 97.2388511058859, 27.873587062137048 ], [ 97.218439934447645, 27.859624245483378 ], [ 97.203131555868936, 27.846089337322883 ], [ 97.204468001617798, 27.842114479915427 ], [ 97.194262415898692, 27.834808956757506 ], [ 97.18308486963484, 27.8309411277111 ], [ 97.179683007728485, 27.820626243025906 ], [ 97.168505461464662, 27.81202975715194 ], [ 97.150524191388072, 27.809020826337431 ], [ 97.146150368937015, 27.798703859399065 ], [ 97.137402724034928, 27.792685176327943 ], [ 97.123309296137066, 27.787955977265824 ], [ 97.104842045788146, 27.786666160000451 ], [ 97.105814006332835, 27.776347071103206 ], [ 97.111645769600898, 27.772047161779572 ], [ 97.108243907694529, 27.763446833315367 ], [ 97.108243907694529, 27.754845825212048 ], [ 97.104842045788146, 27.744093609553808 ], [ 97.099982243064758, 27.739362298382719 ], [ 97.086860775711557, 27.747964529483351 ], [ 97.071795387269034, 27.751835311837056 ], [ 97.061589801549886, 27.748394623205638 ], [ 97.048954314469071, 27.744523718561673 ], [ 97.022711379762711, 27.733340332452215 ], [ 97.022225399490395, 27.722585994181273 ], [ 97.018337557311668, 27.710539875836137 ], [ 97.000356287235078, 27.687734652514379 ], [ 97.000356287235078, 27.678697302687571 ], [ 96.989664721243599, 27.671811200901608 ], [ 96.981889036886159, 27.669228800834386 ], [ 96.973627372256388, 27.662342102301125 ], [ 96.955646102179799, 27.664924665104078 ], [ 96.946412477005353, 27.660189920020162 ], [ 96.938636792647941, 27.65846814368739 ], [ 96.941552674281951, 27.643401444191134 ], [ 96.941066694009621, 27.63801997708206 ], [ 96.933776989924539, 27.632853519642719 ], [ 96.925029345022395, 27.633284067078776 ], [ 96.926487285839457, 27.625533954098518 ], [ 96.92308542393306, 27.621658691846292 ], [ 96.90461817358414, 27.618644504157814 ], [ 96.902613504960669, 27.616114675453851 ], [ 96.899454633190459, 27.613961583717721 ], [ 96.899211643054301, 27.60900931210606 ], [ 96.907230317547914, 27.601257481028945 ], [ 96.912333110407474, 27.593935803723493 ], [ 96.914763011769196, 27.584244596524655 ], [ 96.906015366867052, 27.576060243458258 ], [ 96.906744337275555, 27.568521483325085 ], [ 96.917921883539407, 27.56162844940912 ], [ 96.921323745445747, 27.557750927607518 ], [ 96.920108794764928, 27.551072652383478 ], [ 96.914277031496823, 27.544178522945565 ], [ 96.922052715854264, 27.540515840693388 ], [ 96.925940558032977, 27.536637573459238 ], [ 96.923996636943642, 27.523493538899416 ], [ 96.92229570599045, 27.517675185794637 ], [ 96.927641488986183, 27.510563447303387 ], [ 96.935660163479795, 27.504744410201944 ], [ 96.932258301573412, 27.497416296115276 ], [ 96.930800360756393, 27.494344809084712 ], [ 96.923753646807469, 27.490033805555342 ], [ 96.914520021632995, 27.459852055763633 ], [ 96.918407863811737, 27.451874069485516 ], [ 96.940762956339356, 27.431818744980635 ], [ 96.945136778790399, 27.424485781028004 ], [ 96.947809670288294, 27.415211040940783 ], [ 96.954127413828715, 27.409171256620674 ], [ 96.962632068594658, 27.407661258949645 ], [ 96.971622703632946, 27.405719803052076 ], [ 96.971379713496759, 27.39860083961802 ], [ 96.97453858526697, 27.393423123679703 ], [ 96.977940447173367, 27.386734881718393 ], [ 96.976239516220161, 27.378535839775555 ], [ 96.97453858526697, 27.37465187096613 ], [ 96.981342309079722, 27.369904612836105 ], [ 96.984744170986119, 27.363754452950136 ], [ 96.993491815888206, 27.351237282913523 ], [ 96.984744170986119, 27.34562567847523 ], [ 96.991790884935057, 27.344114813329075 ], [ 96.994220786296722, 27.336344324300956 ], [ 96.9961647073861, 27.332890598737748 ], [ 96.9961647073861, 27.327278065194097 ], [ 96.998837598883952, 27.318211064704403 ], [ 97.009286174739273, 27.311950084150901 ], [ 97.018519799913747, 27.311302376340475 ], [ 97.020220730866896, 27.307416050077606 ], [ 97.02702445467969, 27.309359230223038 ], [ 97.03164126726692, 27.305256921119756 ], [ 97.02848239549671, 27.302665910923192 ], [ 97.030988231275956, 27.298491378386093 ], [ 97.033595312945295, 27.297857087613654 ], [ 97.033868676848499, 27.297034978400966 ], [ 97.034197725991191, 27.295666282390979 ], [ 97.035088689823823, 27.294235712734764 ], [ 97.035505063546765, 27.293568782059577 ], [ 97.036127725770712, 27.292534075613393 ], [ 97.037378112513068, 27.291418381338172 ], [ 97.037824860002999, 27.288273682717694 ], [ 97.038067850139186, 27.286474101247393 ], [ 97.040335758076765, 27.285106399829719 ], [ 97.041469712045583, 27.281795052973312 ], [ 97.04584353449664, 27.281795052973312 ], [ 97.049974366811512, 27.279563437463164 ], [ 97.050784333932086, 27.277763714885321 ], [ 97.052161278037048, 27.276035953785659 ], [ 97.054591179398741, 27.275172063161733 ], [ 97.055644136655459, 27.272436365213849 ], [ 97.056535100488091, 27.270420544687713 ], [ 97.054996162959014, 27.268188700745551 ], [ 97.055482143231345, 27.26566882308245 ], [ 97.060422942666804, 27.262212897978497 ], [ 97.069170587568891, 27.257532828179002 ], [ 97.069737564553279, 27.255876756302563 ], [ 97.072572449475302, 27.254364669139793 ], [ 97.072896436323489, 27.252564538571665 ], [ 97.07394939358025, 27.251988490637039 ], [ 97.073220423171747, 27.249702270983843 ], [ 97.073868396868193, 27.247398002060454 ], [ 97.077513248910719, 27.245309717125718 ], [ 97.084397969435528, 27.240484908955136 ], [ 97.087961824766012, 27.239332685017306 ], [ 97.089197024624895, 27.236416064863299 ], [ 97.090573968729856, 27.233823449456469 ], [ 97.090654965441914, 27.228133887350538 ], [ 97.092922873379493, 27.226765468283428 ], [ 97.091626925986589, 27.220283254754477 ], [ 97.090573968729856, 27.216969977706931 ], [ 97.090411975305756, 27.213800663973558 ], [ 97.095109784605015, 27.211567684254373 ], [ 97.097296695830522, 27.209406693532781 ], [ 97.100637810202869, 27.206345218276979 ], [ 97.103796681973094, 27.203895977523214 ], [ 97.105335619502171, 27.202671336964414 ], [ 97.107036550455348, 27.201734838047308 ], [ 97.110195422225559, 27.199213455705163 ], [ 97.110843395922018, 27.197124267137564 ], [ 97.112544326875181, 27.196403848209833 ], [ 97.11432625454043, 27.194674823792425 ], [ 97.117971106582971, 27.193522125953166 ], [ 97.117647119734769, 27.192585550185367 ], [ 97.122020942185813, 27.190208053295898 ], [ 97.122506922458143, 27.183651662944001 ], [ 97.123316889578717, 27.180877689486035 ], [ 97.123235892866646, 27.178427889345489 ], [ 97.122992902730502, 27.176914750625215 ], [ 97.124450843547521, 27.176626531399908 ], [ 97.124693833683651, 27.175113368254696 ], [ 97.128905662710622, 27.173600184593393 ], [ 97.129958619967326, 27.17187080671685 ], [ 97.133279485161665, 27.170429638018444 ], [ 97.136843340492135, 27.166322205150212 ], [ 97.138301281309154, 27.164880964820377 ], [ 97.140731182670876, 27.164592714521923 ], [ 97.142918093896384, 27.165673649304072 ], [ 97.145266998546035, 27.165961896811908 ], [ 97.147615903195671, 27.165457463184822 ], [ 97.149154840724748, 27.16005267416632 ], [ 97.147858893331829, 27.158971684971142 ], [ 97.150126801269408, 27.157530349768251 ], [ 97.14907384401269, 27.156016927786428 ], [ 97.151260755238212, 27.153350372496391 ], [ 97.150369791405581, 27.150972039750449 ], [ 97.1518277322226, 27.149674746002805 ], [ 97.155411836731119, 27.149134202495446 ], [ 97.160028649318349, 27.146395408533696 ], [ 97.162458550680057, 27.144521458197126 ], [ 97.16367350136089, 27.143007859984309 ], [ 97.164483468481464, 27.139115656165298 ], [ 97.165617422450225, 27.137385744295418 ], [ 97.166022406010526, 27.135799968230245 ], [ 97.163511507936775, 27.133349179157477 ], [ 97.162701540816201, 27.130105405132316 ], [ 97.161000609863038, 27.12635692684152 ], [ 97.162539547392072, 27.124050108520684 ], [ 97.155654826867305, 27.118895639423155 ], [ 97.150552034007717, 27.118174715722663 ], [ 97.148122132646037, 27.113560694036853 ], [ 97.148284126070138, 27.10815339525497 ], [ 97.144801267451712, 27.104043673457852 ], [ 97.140832428560927, 27.094165303972368 ], [ 97.138078540351032, 27.091785712472692 ], [ 97.135081662004936, 27.094453735870111 ], [ 97.132489767219113, 27.094886382323885 ], [ 97.127629964495739, 27.095535348870637 ], [ 97.123175145332638, 27.097626437716436 ], [ 97.121798201227676, 27.100654841987577 ], [ 97.119530293290097, 27.103827368131011 ], [ 97.114427500430509, 27.106350904271373 ], [ 97.108676733874503, 27.106567204721998 ], [ 97.106327829224853, 27.104764688195477 ], [ 97.096608223778091, 27.106639304779332 ], [ 97.084458716969607, 27.098708020073079 ], [ 97.076237550695836, 27.095895884216048 ], [ 97.073848147690185, 27.09838354646304 ], [ 97.070729774276018, 27.102421373319117 ], [ 97.069069341678869, 27.103647113372698 ], [ 97.063399571834893, 27.106495104618237 ], [ 97.061091165541299, 27.108225494290561 ], [ 97.059552228012237, 27.109595367142276 ], [ 97.055502392409394, 27.111361757385648 ], [ 97.054044451592389, 27.112731591849457 ], [ 97.052181527215097, 27.113308359238811 ], [ 97.050116111057648, 27.115579351936482 ], [ 97.049589632429274, 27.11730960114998 ], [ 97.047362222847738, 27.119075869622403 ], [ 97.045610668949465, 27.120977280534113 ], [ 97.045286682101249, 27.121734231334333 ], [ 97.044152728132445, 27.122058637252138 ], [ 97.040507876089919, 27.12490615993395 ], [ 97.039292925409072, 27.126420003236699 ], [ 97.037834984592024, 27.127429220721332 ], [ 97.034878604601985, 27.126888569630026 ], [ 97.031557739407646, 27.126636264892944 ], [ 97.029715064208375, 27.128240192457561 ], [ 97.027447156270796, 27.130691093515068 ], [ 97.022546855191365, 27.131159642012495 ], [ 97.01007336153468, 27.139485060960297 ], [ 97.005051565387191, 27.140422082281408 ], [ 96.993043802824786, 27.139773376049593 ], [ 96.990775894887207, 27.144224145880369 ], [ 96.990775894887207, 27.148584647248747 ], [ 96.988062505033312, 27.150062133907706 ], [ 96.985673102027647, 27.155143097423117 ], [ 96.984093666142556, 27.155575509178963 ], [ 96.975143529460297, 27.157305139462558 ], [ 96.966831241885501, 27.158115894437788 ], [ 96.96436084216775, 27.159160858835619 ], [ 96.963267386554989, 27.161935372032573 ], [ 96.947594522772079, 27.16355680886933 ], [ 96.944374903467804, 27.163845061842068 ], [ 96.938664635267813, 27.1626560135334 ], [ 96.933521344052238, 27.161971404218079 ], [ 96.929188019957223, 27.162439821571475 ], [ 96.92424722052175, 27.164457596938345 ], [ 96.920885856971395, 27.165754718990861 ], [ 96.919225424374261, 27.166835642523218 ], [ 96.914325123294844, 27.167556252397457 ], [ 96.909769058241665, 27.168123729399699 ], [ 96.909769058241665, 27.169168600144157 ], [ 96.907541648660128, 27.169240659835008 ], [ 96.900292442931061, 27.17125831229356 ], [ 96.89968496759063, 27.172375211365381 ], [ 96.893974699390654, 27.173960468278345 ], [ 96.892678751997749, 27.175437619227246 ], [ 96.890005860499869, 27.176374338967136 ], [ 96.890005860499869, 27.177275023610083 ], [ 96.888750411462979, 27.177779403834858 ], [ 96.888426424614792, 27.178680077137443 ], [ 96.887211473933917, 27.178860210925599 ], [ 96.88582440523993, 27.180859676446001 ], [ 96.884001979218667, 27.181291988604332 ], [ 96.881936563061245, 27.183669675533277 ], [ 96.880559618956255, 27.184065951761639 ], [ 96.880438123888183, 27.185182722650218 ], [ 96.878291711018676, 27.186911894227158 ], [ 96.876955265269757, 27.187488278796323 ], [ 96.876752773489599, 27.18824477902352 ], [ 96.875335331028623, 27.188713086116802 ], [ 96.873350911583245, 27.190658340688181 ], [ 96.870759016797408, 27.191775045576115 ], [ 96.870151541457005, 27.193287982748618 ], [ 96.868774597352029, 27.19447670469928 ], [ 96.867185036877913, 27.195170119985324 ], [ 96.865646099348837, 27.196466885051834 ], [ 96.865281614144578, 27.19783567626089 ], [ 96.860502808133276, 27.202086026063196 ], [ 96.858396893619812, 27.205255672969628 ], [ 96.857951411703496, 27.209721840623072 ], [ 96.856736461022621, 27.212206969310259 ], [ 96.857789418279381, 27.215448358217408 ], [ 96.8592473590964, 27.2157004622911 ], [ 96.85944985087653, 27.217087024499158 ], [ 96.860786296625477, 27.218491576413651 ], [ 96.862689719358798, 27.218923742670754 ], [ 96.863054204563056, 27.219896110619072 ], [ 96.864512145380075, 27.220148204627503 ], [ 96.868885967831105, 27.224289667369828 ], [ 96.870627397140325, 27.224613775347752 ], [ 96.871680354397071, 27.226162278223224 ], [ 96.873624275486407, 27.226414358048771 ], [ 96.875730189999871, 27.228250922411178 ], [ 96.87925354697434, 27.23023149708947 ], [ 96.883343880933197, 27.230987707218311 ], [ 96.886462254347393, 27.233130274690659 ], [ 96.887272221467953, 27.241628119353852 ], [ 96.888406175436728, 27.241880164160971 ], [ 96.888811158997029, 27.245552752301489 ], [ 96.888446673792771, 27.246578894969009 ], [ 96.886705244483565, 27.247875061653531 ], [ 96.885854779006962, 27.249315229148099 ], [ 96.884153848053757, 27.25053935686029 ], [ 96.883343880933197, 27.252231511223243 ], [ 96.880508996011216, 27.254355668559427 ], [ 96.875973180136057, 27.257091811447133 ], [ 96.874272249182866, 27.257739835429636 ], [ 96.873543278774349, 27.258819867009208 ], [ 96.869695934951693, 27.259791886462502 ], [ 96.866253574689281, 27.260511895394487 ], [ 96.864026165107703, 27.262203898033302 ], [ 96.860543306489276, 27.263391884500564 ], [ 96.859328355808458, 27.26418386842683 ], [ 96.858558887043884, 27.264687855260693 ], [ 96.857586926499209, 27.26580381797671 ], [ 96.854873536645343, 27.267567736196508 ], [ 96.853739582676539, 27.269475616230654 ], [ 96.852929615555965, 27.270159565250129 ], [ 96.851755163231147, 27.27249935901617 ], [ 96.849892238853869, 27.274047195513077 ], [ 96.848960776665223, 27.275199059845384 ], [ 96.847543334204218, 27.27620693134218 ], [ 96.846935858863787, 27.277682726683913 ], [ 96.845356422978696, 27.279050519498643 ], [ 96.844586954214137, 27.282253968347881 ], [ 96.843533996957433, 27.283081810895872 ], [ 96.840415623543237, 27.288507626167188 ], [ 96.839605656422663, 27.291962733574433 ], [ 96.836365787940423, 27.296695336429366 ], [ 96.835474824107791, 27.301157834172816 ], [ 96.833692896442543, 27.303604934193601 ], [ 96.829187454334402, 27.312151367578828 ], [ 96.826312071056378, 27.314670190771661 ], [ 96.825785592428005, 27.316109492634585 ], [ 96.824773133527302, 27.316649226018779 ], [ 96.824368149967043, 27.318268410414685 ], [ 96.822383730521665, 27.319671684439143 ], [ 96.821735756825205, 27.321218863426122 ], [ 96.82048030778833, 27.322262297533278 ], [ 96.816956950813847, 27.323701500882454 ], [ 96.816470970541531, 27.325158675244133 ], [ 96.814122065891894, 27.325590426933296 ], [ 96.813717082331621, 27.326453925268371 ], [ 96.812097148090487, 27.327065565853893 ], [ 96.811408676037999, 27.328792532824096 ], [ 96.809707745084822, 27.329224270363685 ], [ 96.807723325639429, 27.33152684218043 ], [ 96.805981896330195, 27.334620847749697 ], [ 96.805617411125937, 27.335556227781279 ], [ 96.804442958801118, 27.336311721274978 ], [ 96.804037975240846, 27.337355013347914 ], [ 96.801759942714241, 27.33945955540079 ], [ 96.79750761533127, 27.342661260674525 ], [ 96.79702163505894, 27.344208118841927 ], [ 96.795442199173849, 27.344999526297734 ], [ 96.794186750136987, 27.345431200709157 ], [ 96.793376783016413, 27.346834130930599 ], [ 96.791189871790891, 27.347697463775113 ], [ 96.789448442481643, 27.349172308486835 ], [ 96.787018541119977, 27.349819795084571 ], [ 96.787018541119977, 27.350898931003734 ], [ 96.78418365619801, 27.352193880229191 ], [ 96.783009203873164, 27.352517615170012 ], [ 96.781500640111133, 27.353974410693983 ], [ 96.777491302864306, 27.354981566766529 ], [ 96.775992863691272, 27.356492283701879 ], [ 96.767609703993415, 27.357031820470059 ], [ 96.759631527855831, 27.35721166547529 ], [ 96.742075490517593, 27.358722351987772 ], [ 96.739159608883568, 27.360448825622434 ], [ 96.736810704233918, 27.36102431085175 ], [ 96.734826284788525, 27.362570912583845 ], [ 96.733003858767262, 27.363254287862247 ], [ 96.731748409730386, 27.364585059193459 ], [ 96.730371465625439, 27.36490875790923 ], [ 96.727566954470447, 27.367408399448408 ], [ 96.726109013653428, 27.369854037256811 ], [ 96.724286587632164, 27.370501402925285 ], [ 96.723517118867633, 27.371832087129945 ], [ 96.721897184626499, 27.372191728763056 ], [ 96.720479742165494, 27.373774138063773 ], [ 96.717280372039269, 27.374421480801313 ], [ 96.714890969033618, 27.376219635202112 ], [ 96.708735218917312, 27.376687150559842 ], [ 96.707884753440695, 27.375572302984111 ], [ 96.706467310979733, 27.375536339972069 ], [ 96.704280399754197, 27.374493407538388 ], [ 96.703814668659888, 27.37294697238827 ], [ 96.700858288669806, 27.370357544215075 ], [ 96.700210314973376, 27.368127710295681 ], [ 96.699400347852801, 27.368127710295681 ], [ 96.698104400459897, 27.364027575853108 ], [ 96.697699416899596, 27.360251001884027 ], [ 96.696808453066978, 27.3589201784573 ], [ 96.695907364645365, 27.355943751959479 ], [ 96.693598958351728, 27.35018850103932 ], [ 96.692262512602824, 27.350044615934703 ], [ 96.690845070141819, 27.346141661182621 ], [ 96.689468126036871, 27.345458180304025 ], [ 96.688941647408484, 27.344235098734629 ], [ 96.688050683575852, 27.3432997919539 ], [ 96.687443208235464, 27.342364477278025 ], [ 96.685296795365957, 27.340997464704039 ], [ 96.683433870988665, 27.340349926546121 ], [ 96.682866894004249, 27.339558485881316 ], [ 96.681368454831215, 27.33887496439489 ], [ 96.680032009082282, 27.337615834831659 ], [ 96.67549619320711, 27.335745101637475 ], [ 96.67310679020143, 27.334881675667535 ], [ 96.670838882263865, 27.334090195953312 ], [ 96.663751669958927, 27.333910313411906 ], [ 96.662496220922051, 27.334917651883902 ], [ 96.658162896827008, 27.336788399044003 ], [ 96.657069441214261, 27.337759736077185 ], [ 96.655651998753243, 27.33858716461306 ], [ 96.654639539852539, 27.339558485881316 ], [ 96.653566333417785, 27.341680973099042 ], [ 96.652594372873139, 27.342184608165997 ], [ 96.652270386024895, 27.34380341966305 ], [ 96.650893441919948, 27.344414964518077 ], [ 96.650528956715689, 27.345745962240514 ], [ 96.648544537270297, 27.347220832932397 ], [ 96.648180052066039, 27.348479853354043 ], [ 96.64494018358377, 27.350638140786614 ], [ 96.644778190159684, 27.352940267696429 ], [ 96.642267292085918, 27.354738771051174 ], [ 96.640849849624928, 27.355170407510467 ], [ 96.639432407163952, 27.356537245199629 ], [ 96.637690977854717, 27.35711275075856 ], [ 96.636192538681684, 27.358335690140493 ], [ 96.635018086356865, 27.358623438620477 ], [ 96.634451109372463, 27.360026201752266 ], [ 96.63104924746608, 27.361419955211783 ], [ 96.630806257329894, 27.362606879808926 ], [ 96.627404395423554, 27.363901692129652 ], [ 96.625257982554032, 27.364585059193459 ], [ 96.62465050721363, 27.365951780665757 ], [ 96.619902074969318, 27.367030759382352 ], [ 96.610506456370743, 27.366886896161141 ], [ 96.606335125699829, 27.362786715759054 ], [ 96.60499867995091, 27.360053177792174 ], [ 96.604148214474307, 27.353830530507373 ], [ 96.603297748997718, 27.353794560431517 ], [ 96.60146519838743, 27.348048190821398 ], [ 96.601060214827157, 27.345062478920823 ], [ 96.599723769078224, 27.3432997919539 ], [ 96.599156792093822, 27.33995420692025 ], [ 96.597455861140645, 27.338011562807278 ], [ 96.59705087758033, 27.335673149730209 ], [ 96.595957421967569, 27.335673149730209 ], [ 96.594701972930693, 27.333298710587638 ], [ 96.593730012386047, 27.331949574778886 ], [ 96.593487022249874, 27.330546456120217 ], [ 96.591340609380381, 27.329395166008648 ], [ 96.590935625820094, 27.327884079594021 ], [ 96.588910708018688, 27.326588846275801 ], [ 96.587412268845611, 27.323962354490053 ], [ 96.584972242894921, 27.318115488454676 ], [ 96.583838288926117, 27.31807950678639 ], [ 96.581894367836782, 27.31404948608035 ], [ 96.577277555249552, 27.309947350376206 ], [ 96.575536125940317, 27.309155692694432 ], [ 96.571607785405604, 27.305989005488847 ], [ 96.541983237970911, 27.302516341213718 ], [ 96.53161565882769, 27.290999993095049 ], [ 96.514768342719918, 27.295606675689978 ], [ 96.474593973539896, 27.299061562210728 ], [ 96.438307446538573, 27.304819467479074 ], [ 96.413684446073404, 27.28984829258539 ], [ 96.378693866464971, 27.288696580132047 ], [ 96.352774918606855, 27.288696580132047 ], [ 96.334631655106236, 27.28984829258539 ], [ 96.307416759855244, 27.294455022958484 ], [ 96.269834285461016, 27.269115641372114 ], [ 96.228363968888061, 27.274875099208678 ], [ 96.203740968422849, 27.259899888099508 ], [ 96.17782202056479, 27.247226980198793 ], [ 96.142831440956385, 27.24146609024783 ], [ 96.137323664536538, 27.241610116131508 ], [ 96.129709973603227, 27.235560868538421 ], [ 96.123392230062834, 27.234984732573373 ], [ 96.119018407611762, 27.231527854165744 ], [ 96.110432756133775, 27.230807657653507 ], [ 96.102171091504019, 27.225766151630204 ], [ 96.095853347963597, 27.224325679413958 ], [ 96.08985959127142, 27.22245303767869 ], [ 96.086457729365051, 27.217699267254496 ], [ 96.083379854306898, 27.21323341933331 ], [ 96.07884403843174, 27.213521543955913 ], [ 96.077710084462936, 27.209919932623659 ], [ 96.076090150221788, 27.208191117836236 ], [ 96.073174268587763, 27.206462276230106 ], [ 96.070420380377854, 27.205309700260635 ], [ 96.067828485592031, 27.206750418360159 ], [ 96.066370544775012, 27.205309700260635 ], [ 96.063454663140988, 27.205309700260635 ], [ 96.062644696020413, 27.203436738890332 ], [ 96.057946886721169, 27.202140054890528 ], [ 96.055192998511217, 27.199402561358884 ], [ 96.054869011663015, 27.196665000608981 ], [ 96.049523228667283, 27.193783285101336 ], [ 96.04563538648857, 27.191910130086725 ], [ 96.044987412792111, 27.19046922020485 ], [ 96.039317642948134, 27.187875535505984 ], [ 96.034133853376517, 27.186002281270277 ], [ 96.030569998046047, 27.184128995577289 ], [ 96.025710195322674, 27.181246956166 ], [ 96.022794313688621, 27.180094119556227 ], [ 96.021012386023386, 27.176203208063185 ], [ 96.018420491237563, 27.173032735431256 ], [ 96.017610524117003, 27.168132736947918 ], [ 96.018420491237563, 27.165394408821193 ], [ 96.017610524117003, 27.160926466118383 ], [ 96.015504609603539, 27.1568907513136 ], [ 96.01534261617941, 27.151557618799298 ], [ 96.011292780576596, 27.148818884241805 ], [ 96.010320820031922, 27.14507103342747 ], [ 96.008214905518457, 27.141467212180032 ], [ 96.00432706333973, 27.138872388926288 ], [ 95.998981280344012, 27.135845018997092 ], [ 95.99622739213406, 27.132817567084267 ], [ 95.99703735925462, 27.13180839822914 ], [ 95.99476945131704, 27.12805997702441 ], [ 95.991529582834815, 27.125464842586084 ], [ 95.990719615714241, 27.122869647930592 ], [ 95.987155760383757, 27.120130210470382 ], [ 95.986669780111399, 27.115516269428372 ], [ 95.984563865597934, 27.11191149559928 ], [ 95.980028049722776, 27.10946018306705 ], [ 95.975451735491589, 27.105674962669198 ], [ 95.974317781522785, 27.103079308986963 ], [ 95.970267945919971, 27.101637253158131 ], [ 95.967352064285919, 27.098897295911392 ], [ 95.967352064285919, 27.095003557117487 ], [ 95.963464222107191, 27.092840310398159 ], [ 95.963788208955435, 27.086350319550306 ], [ 95.960386347049081, 27.083465758482625 ], [ 95.959414386504392, 27.080581123151294 ], [ 95.95536455090155, 27.077263700718841 ], [ 95.954392590356903, 27.073657695392747 ], [ 95.953744616660444, 27.069763079340397 ], [ 95.952934649539884, 27.066445336726321 ], [ 95.950342754754061, 27.063416007732105 ], [ 95.948722820512927, 27.057357104247082 ], [ 95.946778899423578, 27.054183262276666 ], [ 95.945644945454774, 27.051586415694448 ], [ 95.93965118876261, 27.049855151247616 ], [ 95.936735307128558, 27.047402480888731 ], [ 95.929607596467562, 27.044805477373508 ], [ 95.925557760864777, 27.044372637611641 ], [ 95.922479885806624, 27.0417755639861 ], [ 95.917296096235006, 27.040765574681206 ], [ 95.913084267208077, 27.038601281284539 ], [ 95.909520411877565, 27.036292655670149 ], [ 95.906280543395326, 27.033695395110037 ], [ 95.903040674913058, 27.032396742300481 ], [ 95.897694891917311, 27.031530965416859 ], [ 95.896722931372651, 27.028644994264166 ], [ 95.892673095769823, 27.025758948950582 ], [ 95.888461266742866, 27.024460204365919 ], [ 95.885707378532956, 27.026336163945903 ], [ 95.881657542930114, 27.023882979730534 ], [ 95.87841767444786, 27.023738673108241 ], [ 95.878093687599645, 27.021285432166721 ], [ 95.87679774020674, 27.020852501733565 ], [ 95.876109268154252, 27.017316840752692 ], [ 95.874651327337233, 27.014719141380365 ], [ 95.870277504886189, 27.013564589050731 ], [ 95.865741689011017, 27.013564589050731 ], [ 95.861691853408189, 27.013708908740597 ], [ 95.856832050684801, 27.012410024859882 ], [ 95.853916169050777, 27.013708908740597 ], [ 95.851162280840839, 27.015152095445938 ], [ 95.847922412358557, 27.014141866698225 ], [ 95.842900616211068, 27.014141866698225 ], [ 95.839984734577044, 27.013131628869132 ], [ 95.836906859518891, 27.010822479730969 ], [ 95.833343004188407, 27.008801935318086 ], [ 95.828969181737364, 27.008657609327326 ], [ 95.823623398741631, 27.010245185033575 ], [ 95.818277615745913, 27.011399771463264 ], [ 95.810177944540257, 27.013564589050731 ], [ 95.803860200999836, 27.015729364938618 ], [ 95.801106312789926, 27.014574822987832 ], [ 95.800620332517596, 27.011399771463264 ], [ 95.802402260182816, 27.009090586743675 ], [ 95.801430299638128, 27.006781354584618 ], [ 95.799972358821108, 27.005771050598252 ], [ 95.799324385124663, 27.002162747959193 ], [ 95.796894483762998, 27.000863730661059 ], [ 95.796732490338869, 26.998987345847798 ], [ 95.793897605416873, 26.997471781410969 ], [ 95.790495743510519, 26.994440591264716 ], [ 95.785311953938901, 26.992564099283005 ], [ 95.783368032849523, 26.990398877328406 ], [ 95.783206039425437, 26.988089261308332 ], [ 95.782396072304863, 26.985923953227733 ], [ 95.781748098608389, 26.984480391356986 ], [ 95.781424111760188, 26.981881933321031 ], [ 95.780452151215485, 26.9791390514137 ], [ 95.778832216974351, 26.978128499123482 ], [ 95.774296401099193, 26.977262304224702 ], [ 95.767816664134685, 26.976684837255618 ], [ 95.764738789076532, 26.972498113134343 ], [ 95.762146894290737, 26.967733720428246 ], [ 95.760202973201373, 26.963257895159721 ], [ 95.759393006080799, 26.957771157011873 ], [ 95.755667157326201, 26.950984558578579 ], [ 95.756801111295005, 26.94347550530582 ], [ 95.757287091567335, 26.93654362750911 ], [ 95.758907025808469, 26.931200014172969 ], [ 95.758259052112024, 26.916612105212035 ], [ 95.755505163902086, 26.909967481966337 ], [ 95.751293334875157, 26.90483929879753 ], [ 95.74659552557587, 26.900794370301927 ], [ 95.743355657093588, 26.898916318535868 ], [ 95.741249742580138, 26.897905046957092 ], [ 95.738009874097855, 26.896026947145831 ], [ 95.734931999039745, 26.892559603915494 ], [ 95.732340104253907, 26.889959026652331 ], [ 95.72667033440996, 26.885913565265867 ], [ 95.721648538262457, 26.884468722528325 ], [ 95.711928932815667, 26.884324237238587 ], [ 95.708041090636954, 26.886924944190742 ], [ 95.7049632155788, 26.890392460353162 ], [ 95.700589393127757, 26.892270653842363 ], [ 95.69589158382847, 26.895738005941617 ], [ 95.690545800832766, 26.898338450171018 ], [ 95.684714037564703, 26.902383466633438 ], [ 95.676128386086702, 26.904550380138694 ], [ 95.669000675425707, 26.901227762428164 ], [ 95.664788846398793, 26.897760578849542 ], [ 95.656608178481093, 26.892198416208608 ], [ 95.652720336302409, 26.878905905532466 ], [ 95.643000730855604, 26.870236034578632 ], [ 95.635873020194637, 26.862143555255667 ], [ 95.635225046498192, 26.850003750755732 ], [ 95.629393283230101, 26.836706280212262 ], [ 95.617729756693976, 26.824563747636375 ], [ 95.606714203854295, 26.814733125203695 ], [ 95.580147282299748, 26.822828993878648 ], [ 95.556820229227483, 26.829767849548688 ], [ 95.541268860512631, 26.823407248082184 ], [ 95.530901281369367, 26.816468002889422 ], [ 95.512110044172246, 26.808950007822155 ], [ 95.502390438725485, 26.80143151422935 ], [ 95.496558675457422, 26.787549908954784 ], [ 95.491374885885804, 26.772509586909663 ], [ 95.488135017403536, 26.758045860011293 ], [ 95.484247175224809, 26.745316257241861 ], [ 95.464807964331257, 26.731427792222036 ], [ 95.451848490402199, 26.71638004156031 ], [ 95.442776858651868, 26.703645775623567 ], [ 95.427873463633475, 26.699014780418484 ], [ 95.402602489471846, 26.694962505184872 ], [ 95.383163278578294, 26.682804814836476 ], [ 95.376845535037873, 26.682949556872483 ], [ 95.375387594220854, 26.681791615438982 ], [ 95.371499752042141, 26.68121264031193 ], [ 95.366153969046394, 26.674409462346564 ], [ 95.357568317568393, 26.669487761461923 ], [ 95.341206981732995, 26.673685696124188 ], [ 95.33132538286209, 26.671659126266714 ], [ 95.324359665625224, 26.664565848217197 ], [ 95.314478066754361, 26.662683884096445 ], [ 95.306540388972792, 26.655155717226307 ], [ 95.300222645432399, 26.652115355229316 ], [ 95.28872111232036, 26.653707935898652 ], [ 95.281917388507622, 26.656458704720524 ], [ 95.278353533177139, 26.656458704720524 ], [ 95.276733598936005, 26.658195998240689 ], [ 95.273655723877866, 26.658485544589677 ], [ 95.270253861971497, 26.657037805498881 ], [ 95.266204026368655, 26.656893030579752 ], [ 95.260048276252363, 26.655590048043784 ], [ 95.256484420921879, 26.658630317488694 ], [ 95.256484420921879, 26.6663030183153 ], [ 95.256484420921879, 26.672961925308748 ], [ 95.252596578743152, 26.678607215856715 ], [ 95.251300631350261, 26.681646871932863 ], [ 95.248708736564438, 26.68381800522943 ], [ 95.243200960144591, 26.682660072616695 ], [ 95.233764843190002, 26.682370587625851 ], [ 95.23259039086517, 26.684179856758931 ], [ 95.232468895797098, 26.686785153864658 ], [ 95.231213446760222, 26.689643675232787 ], [ 95.230767964843906, 26.691308097686989 ], [ 95.230362981283633, 26.694076050765943 ], [ 95.231010954980079, 26.695631864155949 ], [ 95.231375440184337, 26.697260018210805 ], [ 95.230686968131849, 26.697983634766956 ], [ 95.231091951692136, 26.698381621913807 ], [ 95.231253945116222, 26.698815788124762 ], [ 95.23052497470772, 26.701022774113881 ], [ 95.232063912236782, 26.702035802545584 ], [ 95.232144908948854, 26.703012642858297 ], [ 95.232711885933242, 26.705689865956568 ], [ 95.231699427032538, 26.706883742454419 ], [ 95.231213446760222, 26.707987162633955 ], [ 95.230646469775834, 26.709217192199336 ], [ 95.230160489503461, 26.709578963072428 ], [ 95.228986037178643, 26.709253369338366 ], [ 95.227933079921925, 26.709434254861112 ], [ 95.227244607869437, 26.709361900686499 ], [ 95.226637132529035, 26.710049263489186 ], [ 95.225867663764475, 26.710628092104859 ], [ 95.226191650612719, 26.712111327002066 ], [ 95.226394142392849, 26.712943377143315 ], [ 95.226799125953121, 26.713811596894846 ], [ 95.227406601293552, 26.715620366778669 ], [ 95.22744203735509, 26.71653830650175 ], [ 95.227097801328839, 26.716827704682764 ], [ 95.226773814480623, 26.716845792044655 ], [ 95.226186588318185, 26.717297975157781 ], [ 95.22598409653807, 26.717949115685123 ], [ 95.22598409653807, 26.71829277168403 ], [ 95.224789395035231, 26.719576950707989 ], [ 95.224222418050843, 26.720408946285161 ], [ 95.223311205040218, 26.720969635526448 ], [ 95.222865723123903, 26.72134945570124 ], [ 95.222217749427429, 26.722217611341058 ], [ 95.221387533128862, 26.722742118830983 ], [ 95.22082055614446, 26.722904896526011 ], [ 95.220192831626008, 26.723013414860016 ], [ 95.219241120259355, 26.724053376980056 ], [ 95.217823677798364, 26.724650220513258 ], [ 95.217195953279926, 26.725391749027281 ], [ 95.215981002599094, 26.725861984117852 ], [ 95.215368464964158, 26.726635154898279 ], [ 95.21212859648189, 26.727991582170691 ], [ 95.210366917994676, 26.728335207845941 ], [ 95.209941685256368, 26.728696917961901 ], [ 95.210022681968397, 26.729601188220947 ], [ 95.210407416350691, 26.731228856575683 ], [ 95.210670655664885, 26.731879917397269 ], [ 95.213141055382593, 26.734244502789544 ], [ 95.215570956744287, 26.737174169475562 ], [ 95.215854445236488, 26.737635313839345 ], [ 95.215874694414481, 26.739823463569707 ], [ 95.218304595776203, 26.743892225101174 ], [ 95.219013317006699, 26.745148990898983 ], [ 95.219377802210943, 26.745799972037837 ], [ 95.219377802210943, 26.746107378502195 ], [ 95.219094313718756, 26.746324370800131 ], [ 95.218669080980447, 26.746523280042755 ], [ 95.2173326352315, 26.746559445322205 ], [ 95.216340425508818, 26.746288205445907 ], [ 95.215692451812359, 26.746523280042755 ], [ 95.214983730581878, 26.747987964658368 ], [ 95.214720491267698, 26.748982492837964 ], [ 95.215165973183986, 26.749814273361164 ], [ 95.215732950168402, 26.751007686959149 ], [ 95.215793697702424, 26.751351243096472 ], [ 95.215530458388244, 26.751749043642427 ], [ 95.21577344852443, 26.752612446855416 ], [ 95.216158182906682, 26.753426119273055 ], [ 95.21609743537266, 26.754402518485062 ], [ 95.216239179618739, 26.75516193429505 ], [ 95.216482169754926, 26.755613965106008 ], [ 95.2172921368755, 26.755849020417159 ], [ 95.217919861393938, 26.755830939256647 ], [ 95.218486838378325, 26.756165440260581 ], [ 95.219681539881151, 26.75598462902936 ], [ 95.221098982342156, 26.756382413358303 ], [ 95.22152421508045, 26.756780196294866 ], [ 95.222597421515175, 26.757702324110699 ], [ 95.223083401787534, 26.759492315568416 ], [ 95.223285893567677, 26.760088973121501 ], [ 95.224116109866245, 26.761390760543669 ], [ 95.225027322876883, 26.761806606160221 ], [ 95.22689024725419, 26.762041648661526 ], [ 95.227274981636455, 26.762150129651978 ], [ 95.227740712730792, 26.762457491895734 ], [ 95.228084948757029, 26.763108373902305 ], [ 95.228307689715166, 26.763804451921782 ], [ 95.229988371490364, 26.764780761957656 ], [ 95.231021079569061, 26.765033878004719 ], [ 95.231183072993161, 26.765305073143566 ], [ 95.231162823815183, 26.765720904432349 ], [ 95.231061577925104, 26.766263290782266 ], [ 95.231466561485377, 26.766570641897641 ], [ 95.231952541757707, 26.766715277428876 ], [ 95.232033538469764, 26.767040706700822 ], [ 95.2319322925797, 26.767402293687262 ], [ 95.232195531893879, 26.767601166039167 ], [ 95.232509394153112, 26.768007949310814 ], [ 95.232468895797098, 26.7684780081659 ], [ 95.232377774496015, 26.768731115974422 ], [ 95.23135519100633, 26.768640720393275 ], [ 95.230909709090014, 26.76907461852667 ], [ 95.230778089432903, 26.769282527461499 ], [ 95.230737591076888, 26.769942409820672 ], [ 95.230919833678996, 26.770511894253975 ], [ 95.230808463199949, 26.770774036922234 ], [ 95.230686968131849, 26.770927706480929 ], [ 95.230403479639648, 26.770981942746129 ], [ 95.230170614092486, 26.770936745860269 ], [ 95.230069368202436, 26.77059324893991 ], [ 95.229947873134336, 26.770448618346848 ], [ 95.22983650265526, 26.77016839604865 ], [ 95.229542889574049, 26.770096080504615 ], [ 95.228459558550298, 26.770837312648059 ], [ 95.227872332387875, 26.770972903370392 ], [ 95.227639466840714, 26.771759326367629 ], [ 95.227538220950649, 26.772486988772972 ], [ 95.227831834031875, 26.773047421235955 ], [ 95.228135571702069, 26.773427067462048 ], [ 95.228439309372263, 26.773698242560737 ], [ 95.228560804440377, 26.773915182173443 ], [ 95.228297565126184, 26.774538881251349 ], [ 95.228419060194256, 26.775008913075368 ], [ 95.228246942181158, 26.775280084396485 ], [ 95.228267191359166, 26.775415669814198 ], [ 95.228611427385417, 26.775519618524797 ], [ 95.229097407657733, 26.775402111279714 ], [ 95.230089617380429, 26.77572751566052 ], [ 95.231253945116265, 26.775944451396303 ], [ 95.232205656482918, 26.776134269825118 ], [ 95.232367649907033, 26.776269854222846 ], [ 95.232458771208073, 26.776595256116824 ], [ 95.232246154838919, 26.776794112370712 ], [ 95.231851295867642, 26.776974890481121 ], [ 95.231557682786473, 26.776983929379082 ], [ 95.231365315595312, 26.777209901594336 ], [ 95.231365315595312, 26.777408756771724 ], [ 95.232489144975119, 26.777698000044392 ], [ 95.232894128535378, 26.777625689295306 ], [ 95.233126994082568, 26.777318368097909 ], [ 95.233369984218726, 26.776974890481121 ], [ 95.234139452983271, 26.776495827859268 ], [ 95.234797551268699, 26.776450633167968 ], [ 95.235293656130054, 26.776513905730756 ], [ 95.235567020033258, 26.777472028800581 ], [ 95.235546770855251, 26.777869737888881 ], [ 95.235151911883975, 26.778638035591484 ], [ 95.235587269211265, 26.779356615207845 ], [ 95.236802219892127, 26.779419886151164 ], [ 95.238715767214444, 26.780025477681836 ], [ 95.239252370431814, 26.780323752919976 ], [ 95.240133209675449, 26.780567795713729 ], [ 95.241672147204525, 26.780793760795728 ], [ 95.242188501243888, 26.781010686851278 ], [ 95.242137878298848, 26.781336075157377 ], [ 95.241905012751687, 26.781625308424239 ], [ 95.241520278369421, 26.781842232890771 ], [ 95.241581025903443, 26.782077233928391 ], [ 95.241824016039629, 26.782276080580232 ], [ 95.242340370078978, 26.782348388367264 ], [ 95.242380868435021, 26.782628580606968 ], [ 95.242218875010906, 26.783320019787588 ], [ 95.241763268505565, 26.783573094513198 ], [ 95.240872304672948, 26.783808091967444 ], [ 95.24062931453679, 26.783726746749874 ], [ 95.239748475293183, 26.78283194550907 ], [ 95.239302993376867, 26.782895214515417 ], [ 95.238665144269419, 26.783075982910656 ], [ 95.238391780366243, 26.782741561153113 ], [ 95.23786530173787, 26.78258790758283 ], [ 95.237591937834651, 26.782886176088098 ], [ 95.237571688656658, 26.78368155493715 ], [ 95.237440068999561, 26.784124433926035 ], [ 95.237683059135733, 26.784368468548831 ], [ 95.238381655777218, 26.784476928212761 ], [ 95.23904987865167, 26.784386545166683 ], [ 95.239272619609849, 26.784431736698711 ], [ 95.239242245842831, 26.785272295914815 ], [ 95.238736016392451, 26.785389792943739 ], [ 95.238027295161984, 26.785805550684813 ], [ 95.2374906919446, 26.785986314445026 ], [ 95.236852842837166, 26.785950161716009 ], [ 95.236468108454872, 26.786004390805211 ], [ 95.235972003593517, 26.785841703459891 ], [ 95.23443306606444, 26.786058619868495 ], [ 95.233683846477931, 26.786345581563708 ], [ 95.232944751480431, 26.786634802065677 ], [ 95.23256001709818, 26.786562497009292 ], [ 95.232195531893922, 26.786390772315727 ], [ 95.230788214021899, 26.78636365786668 ], [ 95.230474351762695, 26.786300390793709 ], [ 95.2298871256003, 26.786083474847171 ], [ 95.229684633820156, 26.78591174942882 ], [ 95.228925289644636, 26.785803291135984 ], [ 95.228277315948176, 26.786101551191884 ], [ 95.227168673451914, 26.786243902305891 ], [ 95.226348581742357, 26.786126406161166 ], [ 95.226085342428163, 26.786379474629413 ], [ 95.225234876951561, 26.78732847635958 ], [ 95.224748896679245, 26.788087672030109 ], [ 95.224333788529947, 26.788286508152176 ], [ 95.223635191888462, 26.788286508152176 ], [ 95.222764477233838, 26.787952101747152 ], [ 95.22207600518135, 26.788214204148098 ], [ 95.221002798746625, 26.788774558974744 ], [ 95.220263703749097, 26.789081849156563 ], [ 95.218772858017829, 26.789359765295593 ], [ 95.218276753156488, 26.789386879028804 ], [ 95.217294668022802, 26.789260348218352 ], [ 95.214824268305065, 26.790155098777927 ], [ 95.213880150380163, 26.791842904490522 ], [ 95.211429999840448, 26.792466505068926 ], [ 95.209848032808111, 26.794007416437765 ], [ 95.208187600210977, 26.795155178461666 ], [ 95.2075497511035, 26.797034952599603 ], [ 95.2075497511035, 26.797870899842465 ], [ 95.208622957538267, 26.79816912817877 ], [ 95.209756911507071, 26.798042607162149 ], [ 95.211386970337188, 26.797943197692959 ], [ 95.211812203075496, 26.798132979331278 ], [ 95.212065317800665, 26.798620987800415 ], [ 95.211943822732593, 26.799127068439738 ], [ 95.211619835884349, 26.79973255480931 ], [ 95.20977716068505, 26.801169442361829 ], [ 95.20930130500173, 26.801951137693301 ], [ 95.208724203428332, 26.803577769667477 ], [ 95.20826859692302, 26.803939240271188 ], [ 95.207580124870546, 26.803993460762378 ], [ 95.206820780694997, 26.803866946242621 ], [ 95.206294302066624, 26.803577769667477 ], [ 95.205633672633923, 26.803722358047214 ], [ 95.204884453047413, 26.804264562829466 ], [ 95.204054236748846, 26.806862591439543 ], [ 95.203193646683232, 26.807766239612267 ], [ 95.20243177136048, 26.810047919198741 ], [ 95.201864794376078, 26.811538892934188 ], [ 95.200913083009411, 26.81291689667767 ], [ 95.200204361778901, 26.813992179766981 ], [ 95.199698132328535, 26.81686331635575 ], [ 95.199941122464722, 26.818810497422191 ], [ 95.199293148768277, 26.820337497684481 ], [ 95.197440348979924, 26.822162642601793 ], [ 95.197258106377788, 26.822867393663312 ], [ 95.197298604733803, 26.823951617506818 ], [ 95.197602342403997, 26.824728638212878 ], [ 95.197582093226004, 26.82539723315988 ], [ 95.198655299660757, 26.826264593698451 ], [ 95.199546263493389, 26.827854737439822 ], [ 95.199607011027439, 26.828179991364685 ], [ 95.198776794728843, 26.829273199101429 ], [ 95.198412309524571, 26.830447708054436 ], [ 95.197906080074233, 26.830718746852689 ], [ 95.19750109651396, 26.830700677619649 ], [ 95.19689362117353, 26.830809092974647 ], [ 95.196792375283479, 26.831351168193219 ], [ 95.197642840760054, 26.832001655031224 ], [ 95.198047824320312, 26.832977378283921 ], [ 95.197825083362176, 26.833465236758286 ], [ 95.197096112953673, 26.833447167963371 ], [ 95.196853122817487, 26.833808543313904 ], [ 95.197116362131666, 26.834585496413101 ], [ 95.197541594869989, 26.834621633636836 ], [ 95.197723837472111, 26.835055279422264 ], [ 95.196670880215365, 26.835452786600293 ], [ 95.196448139257228, 26.835886429203256 ], [ 95.197156860487723, 26.836618197330576 ], [ 95.197440348979924, 26.837828766320083 ], [ 95.197723837472111, 26.838334671914364 ], [ 95.19788583089624, 26.838840575248451 ], [ 95.198290814456513, 26.839346476322312 ], [ 95.199667758561446, 26.840141459157486 ], [ 95.200315732257906, 26.840575083805945 ], [ 95.20063971910615, 26.840828030750643 ], [ 95.200781463352257, 26.841695273128167 ], [ 95.200923207598336, 26.842345700552009 ], [ 95.201348440336645, 26.842707047506217 ], [ 95.202684886085578, 26.843014191510534 ], [ 95.203191115535915, 26.843456838756872 ], [ 95.203393607316045, 26.8441795244192 ], [ 95.202927876221736, 26.844721535638456 ], [ 95.202927876221736, 26.84506480806845 ], [ 95.202624138551542, 26.845787483466029 ], [ 95.202117909101162, 26.846528220960586 ], [ 95.201753423896918, 26.84658242107475 ], [ 95.201571181294781, 26.846076552333283 ], [ 95.201388938692659, 26.845462280108038 ], [ 95.201004204310408, 26.845191276596065 ], [ 95.200254984723884, 26.844902205468202 ], [ 95.19944501760331, 26.844595066586077 ], [ 95.198493306236628, 26.844866071525328 ], [ 95.197744086650118, 26.845516480732581 ], [ 95.196265896655106, 26.845877817566343 ], [ 95.195557175424597, 26.846654687853274 ], [ 95.193734749403319, 26.847305086783859 ], [ 95.192945031460752, 26.848136146645647 ], [ 95.192600795434515, 26.848208412432221 ], [ 95.192438802010429, 26.84786514953506 ], [ 95.192418552832393, 26.847503819045023 ], [ 95.192722290502616, 26.846961821147293 ], [ 95.192924782282759, 26.846474020820459 ], [ 95.193329765843032, 26.846184952968194 ], [ 95.193876493649441, 26.845932017991924 ], [ 95.193795496937383, 26.845534547601662 ], [ 95.193248769130989, 26.845245477350357 ], [ 95.191709831601912, 26.845606815049148 ], [ 95.191365595575675, 26.84631142024439 ], [ 95.190029149826742, 26.84701602105385 ], [ 95.189543169554412, 26.846961821147293 ], [ 95.189198933528175, 26.846690821225238 ], [ 95.188672454899788, 26.846799221271922 ], [ 95.188429464763601, 26.847232820420562 ], [ 95.186404546962194, 26.84786514953506 ], [ 95.185893255217337, 26.848217445652296 ], [ 95.185711012615215, 26.848759437537723 ], [ 95.185751510971215, 26.849301426827846 ], [ 95.185468022479029, 26.850493794130507 ], [ 95.184779550426569, 26.850837049055652 ], [ 95.184496061934382, 26.851577753504912 ], [ 95.184536560290397, 26.852679768225958 ], [ 95.184860547138641, 26.853510788623133 ], [ 95.184961793028691, 26.853944362059956 ], [ 95.184698553714512, 26.85435986837809 ], [ 95.182977373583313, 26.855732834927132 ], [ 95.181337190164172, 26.855949617596259 ], [ 95.181053701671971, 26.856347051410957 ], [ 95.181640927834366, 26.857575474376059 ], [ 95.181600429478351, 26.858690979263979 ], [ 95.181357439342165, 26.859576149405289 ], [ 95.181154947562035, 26.860298732141398 ], [ 95.181519432766294, 26.861364533252914 ], [ 95.182430645776932, 26.861879365786319 ], [ 95.183301360431543, 26.863306433191394 ], [ 95.18386833741593, 26.863884480687911 ], [ 95.184678304536504, 26.864227694991285 ], [ 95.185144035630827, 26.864968311781844 ], [ 95.186196992887531, 26.865835369179425 ], [ 95.187209451788235, 26.86605213249026 ], [ 95.187675182882586, 26.866034068896891 ], [ 95.188910382741426, 26.86664822945297 ], [ 95.18897113027549, 26.867081752543424 ], [ 95.189133123699605, 26.867497210612434 ], [ 95.189477359725828, 26.867750097385468 ], [ 95.190003838354201, 26.867876540559926 ], [ 95.190732808762704, 26.867713970738222 ], [ 95.190915051364868, 26.867533337328911 ], [ 95.191320034925127, 26.867587527381996 ], [ 95.1918465135535, 26.868743575662226 ], [ 95.19266154296858, 26.869077743666516 ], [ 95.193572755979204, 26.869240311527786 ], [ 95.193997988717513, 26.869962832528156 ], [ 95.194159982141642, 26.870342154205357 ], [ 95.194585214879908, 26.870703411762594 ], [ 95.19533443446646, 26.870595034616606 ], [ 95.195638172136654, 26.870414405809139 ], [ 95.196184899943034, 26.870829851634973 ], [ 95.197663089938061, 26.870847914462338 ], [ 95.198392060346563, 26.870938228555911 ], [ 95.198999535686994, 26.870938228555911 ], [ 95.199667758561446, 26.871046605372975 ], [ 95.200275233901891, 26.871895553512985 ], [ 95.20043722732602, 26.872979307833901 ], [ 95.201692676362853, 26.873214119900972 ], [ 95.202340650059341, 26.874207550173431 ], [ 95.203596099096188, 26.87489391508112 ], [ 95.203960584300432, 26.875634462018823 ], [ 95.204811049777064, 26.875760896377059 ], [ 95.206071561108431, 26.877002654881373 ], [ 95.206760033160933, 26.87799605186428 ], [ 95.207489003569435, 26.878483716279476 ], [ 95.208217973977938, 26.879296485629691 ], [ 95.208562210004189, 26.8812561388084 ], [ 95.208319219868017, 26.881996644067808 ], [ 95.208379967402067, 26.882303681411049 ], [ 95.209372177124763, 26.882303681411049 ], [ 95.210364386847445, 26.882285620413953 ], [ 95.211964071910543, 26.882917753595258 ], [ 95.214576215874374, 26.883405396776524 ], [ 95.216499887785716, 26.883333153475025 ], [ 95.217532595864455, 26.883098362426239 ], [ 95.218119822026864, 26.882574596021247 ], [ 95.220306733252372, 26.881111649411618 ], [ 95.22332386077646, 26.880172463830355 ], [ 95.224619808169408, 26.880172463830355 ], [ 95.225450024467975, 26.880371138354114 ], [ 95.226153683403993, 26.880926522102062 ], [ 95.228097604493328, 26.880944583316335 ], [ 95.228603833943708, 26.882118556053943 ], [ 95.230163020650792, 26.883617611207605 ], [ 95.230264266540857, 26.884051069232886 ], [ 95.229839033802548, 26.886398937977766 ], [ 95.229677040378462, 26.890191545979814 ], [ 95.229373302708225, 26.891717583281935 ], [ 95.228462089697587, 26.892277426118142 ], [ 95.227955860247249, 26.893686050659625 ], [ 95.227490129152898, 26.894137529167491 ], [ 95.227166142304696, 26.894408415406104 ], [ 95.226983899702574, 26.894841832036771 ], [ 95.227307886550804, 26.89527524700447 ], [ 95.228482338875622, 26.89572671916082 ], [ 95.228765827367823, 26.896015660393893 ], [ 95.229049315859996, 26.897965994384517 ], [ 95.229960528870663, 26.898480660238182 ], [ 95.23028451571885, 26.899166877728238 ], [ 95.2301832698288, 26.89963639255598 ], [ 95.229899781336599, 26.900412893564507 ], [ 95.2301832698288, 26.901008809322249 ], [ 95.232248685986249, 26.902652075877803 ], [ 95.231985446672056, 26.903031287840939 ], [ 95.231641210645819, 26.903320210386678 ], [ 95.23160071228979, 26.903771650384449 ], [ 95.231701958179869, 26.904295318520774 ], [ 95.231418469687668, 26.904873156404463 ], [ 95.230932489415309, 26.905306532876619 ], [ 95.230689499279165, 26.906146195057875 ], [ 95.230487007499022, 26.907283791922975 ], [ 95.229130312572082, 26.908024126582784 ], [ 95.228887322435895, 26.908710286078875 ], [ 95.229089814216053, 26.90923393130959 ], [ 95.22953529613234, 26.909667291042982 ], [ 95.229393551886233, 26.910118705662942 ], [ 95.229292305996196, 26.910678457284728 ], [ 95.229818784624541, 26.911635445563714 ], [ 95.230142771472785, 26.911852121028751 ], [ 95.230203519006793, 26.912141021001815 ], [ 95.229737787912484, 26.912411864055013 ], [ 95.229049315859996, 26.912357695496372 ], [ 95.228603833943708, 26.913134109019683 ], [ 95.22872532901178, 26.913522313778589 ], [ 95.229920030514606, 26.914027880765246 ], [ 95.229737787912484, 26.91428066340935 ], [ 95.230061774760713, 26.914569557166537 ], [ 95.230527505855051, 26.914551501328376 ], [ 95.230851492703266, 26.91458761300181 ], [ 95.231134981195481, 26.914786226999137 ], [ 95.230547755033044, 26.915562623816946 ], [ 95.230426259964972, 26.915815403023679 ], [ 95.230912240237302, 26.915941792414735 ], [ 95.231641210645819, 26.915725124800556 ], [ 95.232127190918163, 26.915725124800556 ], [ 95.232410679410364, 26.916194570772223 ], [ 95.232147440096185, 26.91648345963036 ], [ 95.232127190918163, 26.916916791531012 ], [ 95.23202594502807, 26.917241789364557 ], [ 95.232248685986249, 26.918505660931068 ], [ 95.231580463111783, 26.91888481964078 ], [ 95.231317223797603, 26.919209811806553 ], [ 95.23153996475574, 26.919607023182493 ], [ 95.231681709001833, 26.919859793330097 ], [ 95.231782954891926, 26.920148672805453 ], [ 95.231418469687668, 26.920293112265785 ], [ 95.230142771472785, 26.920112562911481 ], [ 95.229616292844412, 26.920591018068805 ], [ 95.229332804352211, 26.921222936865465 ], [ 95.22943405024229, 26.921800688096805 ], [ 95.229758037090491, 26.922197890352251 ], [ 95.229960528870663, 26.922450654695854 ], [ 95.230122522294735, 26.922703418473201 ], [ 95.229758037090491, 26.923100617550631 ], [ 95.228421591341586, 26.923407543152731 ], [ 95.228117853671378, 26.924057500494968 ], [ 95.226275178472065, 26.924526911802342 ], [ 95.225586706419605, 26.924887996094323 ], [ 95.225606955597613, 26.925610161211154 ], [ 95.225606955597613, 26.92607956605805 ], [ 95.225849945733785, 26.926675346320142 ], [ 95.223723782042299, 26.927090585248102 ], [ 95.222422772354889, 26.928056461189332 ], [ 95.221045828249913, 26.928634177425629 ], [ 95.216125277992489, 26.92912162319848 ], [ 95.213533383206652, 26.929536853121245 ], [ 95.212196937457747, 26.930114561775248 ], [ 95.210819993352757, 26.932750319960142 ], [ 95.209888531164111, 26.934302861020871 ], [ 95.209888531164111, 26.93542212154966 ], [ 95.209321554179724, 26.935710961173069 ], [ 95.209564544315882, 26.936830207725489 ], [ 95.209321554179724, 26.937588400690831 ], [ 95.208754577195336, 26.938382692614795 ], [ 95.208916570619422, 26.939321394038071 ], [ 95.208268596922977, 26.940909947872832 ], [ 95.206689161037886, 26.941993039926558 ], [ 95.206932151174044, 26.942859506077252 ], [ 95.207580124870518, 26.944050886159985 ], [ 95.207539626514475, 26.944772928566717 ], [ 95.206932151174044, 26.945639373349533 ], [ 95.20749912815846, 26.947263939365246 ], [ 95.207661121582547, 26.947769355127697 ], [ 95.208552085415178, 26.947805456166858 ], [ 95.209200059111623, 26.947624950855413 ], [ 95.209524045959867, 26.947985961189193 ], [ 95.209200059111623, 26.948744079126072 ], [ 95.208876072263408, 26.94957439291975 ], [ 95.209078564043551, 26.950115898619778 ], [ 95.209443049247795, 26.950693501831797 ], [ 95.20879507555135, 26.951343301906505 ], [ 95.207944610074762, 26.951198902213719 ], [ 95.207175141310216, 26.95141550168351 ], [ 95.207620623226532, 26.95253459231154 ], [ 95.208471088703121, 26.95262484107144 ], [ 95.209240557467666, 26.952263845598125 ], [ 95.209483547603838, 26.952841437800291 ], [ 95.209078564043551, 26.953310729284482 ], [ 95.208390091991049, 26.953924415199221 ], [ 95.207418131446374, 26.953996613322385 ], [ 95.206770157749943, 26.954249306389134 ], [ 95.205514708713068, 26.954068811399285 ], [ 95.204907233372637, 26.954754690822451 ], [ 95.204097266252063, 26.954899085958463 ], [ 95.203732781047819, 26.955440566070333 ], [ 95.203651784335747, 26.955873748286113 ], [ 95.202477332010929, 26.955982043579816 ], [ 95.202072348450656, 26.957534264683726 ], [ 95.201829358314484, 26.958797684677393 ], [ 95.201981227149574, 26.95874353839686 ], [ 95.202305213997832, 26.959005245178343 ], [ 95.202588702490019, 26.958924025897439 ], [ 95.202892440160227, 26.958274269542009 ], [ 95.203003810639302, 26.957732803049662 ], [ 95.203236676186464, 26.957615484966624 ], [ 95.203560663034708, 26.957723778586075 ], [ 95.203560663034708, 26.958147927593249 ], [ 95.203489790911632, 26.95855402621002 ], [ 95.203510040089668, 26.958887928420452 ], [ 95.203651784335747, 26.959321097380794 ], [ 95.204471876045346, 26.959844507652171 ], [ 95.20488698419463, 26.9603047457089 ], [ 95.20488698419463, 26.96085071194555 ], [ 95.204856610427612, 26.961193631534513 ], [ 95.205443836590021, 26.961446308458331 ], [ 95.206405672545657, 26.961274849178984 ], [ 95.207053646242102, 26.960986075065893 ], [ 95.207762367472611, 26.961274849178984 ], [ 95.208268596922977, 26.961545574237611 ], [ 95.208653331305229, 26.96203287770339 ], [ 95.208552085415178, 26.962899189770241 ], [ 95.208754577195293, 26.963729399248287 ], [ 95.208572334593171, 26.964451315559071 ], [ 95.20905831486553, 26.964469363407549 ], [ 95.209706288561975, 26.964270836915194 ], [ 95.210050524588198, 26.964108405888439 ], [ 95.210637750750621, 26.964072310072897 ], [ 95.21128572444708, 26.964072310072897 ], [ 95.21154896376126, 26.96432498053872 ], [ 95.21160971129531, 26.964613746091267 ], [ 95.211528714583253, 26.965263465877364 ], [ 95.211407219515181, 26.965696610319007 ], [ 95.21148821622721, 26.966129753094691 ], [ 95.211204727735009, 26.966328276310108 ], [ 95.210617501572628, 26.965985372354574 ], [ 95.210283390135388, 26.966147800674197 ], [ 95.210283390135388, 26.966535822933857 ], [ 95.209564544315882, 26.967375029294722 ], [ 95.209078564043551, 26.967663787026456 ], [ 95.207853488773708, 26.967916449434309 ], [ 95.207165016721191, 26.968232276646891 ], [ 95.20690177740704, 26.968439819761425 ], [ 95.206699285626883, 26.968530055778849 ], [ 95.206172806998538, 26.969053423253964 ], [ 95.206405672545671, 26.969603858835935 ], [ 95.206375298778667, 26.969919681315634 ], [ 95.206162682409513, 26.970109174378234 ], [ 95.205858944739319, 26.970046010059466 ], [ 95.205676702137183, 26.969901634340655 ], [ 95.205210971042831, 26.969369247277569 ], [ 95.20494773172868, 26.969251941315068 ], [ 95.204795862893548, 26.969432411975991 ], [ 95.20492748255063, 26.969874563872771 ], [ 95.205464085768028, 26.970424995440553 ], [ 95.205471679209793, 26.970655093085274 ], [ 95.204884453047356, 26.970754350747622 ], [ 95.203659377777512, 26.971124310354586 ], [ 95.203062027026107, 26.971440128569434 ], [ 95.202960781136028, 26.971719852534214 ], [ 95.203345515518279, 26.972802648426416 ], [ 95.203780872845584, 26.973470367368815 ], [ 95.203973240036731, 26.9738042253549 ], [ 95.203841620379634, 26.97406589713836 ], [ 95.203406263052344, 26.974241848512822 ], [ 95.202819036889906, 26.974214779088495 ], [ 95.202140689426443, 26.974106501326105 ], [ 95.201067482991675, 26.974151617073097 ], [ 95.200925738745596, 26.974332079880234 ], [ 95.20118897805979, 26.974620819769925 ], [ 95.201705332099152, 26.975189274263485 ], [ 95.201826827167253, 26.97542387369387 ], [ 95.201492715729998, 26.976019393129061 ], [ 95.200966237101639, 26.976623932363502 ], [ 95.200875115800585, 26.976867551734173 ], [ 95.200915614156585, 26.977282605743898 ], [ 95.201097856758736, 26.977517200811537 ], [ 95.201502840319009, 26.977715703948402 ], [ 95.201948322235324, 26.978017969416246 ], [ 95.202616545109777, 26.978198426025017 ], [ 95.202859535245949, 26.978162334726409 ], [ 95.202839286067956, 26.978008946578221 ], [ 95.202748164766874, 26.977864581071326 ], [ 95.202808912300924, 26.977539758003804 ], [ 95.203244269628229, 26.977368323229147 ], [ 95.203750499078581, 26.977503666493998 ], [ 95.203902367913699, 26.977783375392328 ], [ 95.203841620379634, 26.977936763847918 ], [ 95.203507508942423, 26.978063083595565 ], [ 95.203396138463319, 26.978243540131999 ], [ 95.203487259764401, 26.978396927960489 ], [ 95.203902367913699, 26.978694680207301 ], [ 95.20445922030909, 26.978811976330682 ], [ 95.20461108914418, 26.979010477184083 ], [ 95.204570590788137, 26.979163863967397 ], [ 95.203973240036731, 26.979416500566561 ], [ 95.203315141751261, 26.979551841368561 ], [ 95.202910158190988, 26.979633045771632 ], [ 95.202322932028565, 26.979912749378215 ], [ 95.202252059905518, 26.980084180277377 ], [ 95.202525423808737, 26.980553358245061 ], [ 95.202707666410859, 26.980896217830683 ], [ 95.202727915588866, 26.981354114200887 ], [ 95.202282433672551, 26.981886444584866 ], [ 95.202009069769346, 26.982121030056451 ], [ 95.201016860046678, 26.982662379278423 ], [ 95.200723246965467, 26.982680424207643 ], [ 95.200702997787431, 26.982445839902137 ], [ 95.200794119088513, 26.98204884996343 ], [ 95.200804243677524, 26.981778174202287 ], [ 95.20053087977432, 26.981435317303571 ], [ 95.200034774912979, 26.980975165613629 ], [ 95.199619666763681, 26.981110504541277 ], [ 95.198678079986024, 26.981579678230343 ], [ 95.198290814456513, 26.981947346629298 ], [ 95.197966827608312, 26.982434561798204 ], [ 95.197622591582075, 26.982678168591644 ], [ 95.197197358843738, 26.982831550376233 ], [ 95.196762001516447, 26.983066133877692 ], [ 95.196508886791293, 26.983039066575557 ], [ 95.196225398299092, 26.982723280902935 ], [ 95.196114027820002, 26.982479674207145 ], [ 95.195871037683844, 26.982263134479293 ], [ 95.195607798369664, 26.981902234006959 ], [ 95.195425555767514, 26.981775918568211 ], [ 95.194858578783141, 26.981893211480319 ], [ 95.19463583782499, 26.982118774429249 ], [ 95.194504218167893, 26.982398471858033 ], [ 95.194625713235965, 26.982732303363019 ], [ 95.194549778818441, 26.982998465610152 ], [ 95.194306788682255, 26.983196959079557 ], [ 95.194003051012061, 26.983395452198849 ], [ 95.193425949438648, 26.983512743422953 ], [ 95.192747601975171, 26.983657101684784 ], [ 95.19264635608512, 26.983801459761423 ], [ 95.192818474098218, 26.984135287104362 ], [ 95.192747601975171, 26.984622492800408 ], [ 95.192464113482984, 26.984640537415306 ], [ 95.192038880744676, 26.984306711571275 ], [ 95.191795890608518, 26.98419844351729 ], [ 95.19165414636241, 26.984234532880198 ], [ 95.191603523417385, 26.984550314311878 ], [ 95.191704769307449, 26.984712715845955 ], [ 95.191644021773399, 26.984965339988644 ], [ 95.191370657870223, 26.985416453118479 ], [ 95.191401031637241, 26.985632986778384 ], [ 95.191583274239377, 26.985768320104221 ], [ 95.192504611839027, 26.985849520021596 ], [ 95.19264635608512, 26.986011919680536 ], [ 95.192555234784066, 26.986372806972327 ], [ 95.192555234784066, 26.986679560260253 ], [ 95.192383116770927, 26.986832936590591 ], [ 95.192038880744676, 26.986878047236203 ], [ 95.191694644718453, 26.986778803791989 ], [ 95.191563025061356, 26.986607383091272 ], [ 95.191411156226266, 26.986562272337149 ], [ 95.191087169378022, 26.986778803791989 ], [ 95.191046671021979, 26.987220887551725 ], [ 95.191249162802151, 26.988114071888575 ], [ 95.19116816609008, 26.98862607082371 ], [ 95.191056795611004, 26.988923796005341 ], [ 95.191036546432983, 26.989221520399084 ], [ 95.191239038213126, 26.989681638366932 ], [ 95.191644021773399, 26.990570292252187 ], [ 95.191775641430496, 26.991129644397315 ], [ 95.19155290047236, 26.991535624051046 ], [ 95.191330159514209, 26.991770189405386 ], [ 95.190439195681577, 26.991977689118787 ], [ 95.190317700613477, 26.992257362039958 ], [ 95.190236703901448, 26.992762575876874 ], [ 95.190327825202502, 26.993060290111075 ], [ 95.191158041501069, 26.993403111586471 ], [ 95.191735143074482, 26.993502349186972 ], [ 95.192332493825887, 26.993484305993398 ], [ 95.1927881003312, 26.993484305993398 ], [ 95.192798224920196, 26.993709845705109 ], [ 95.192636231496081, 26.994088751402707 ], [ 95.192757726564196, 26.994327822197999 ], [ 95.194701647653545, 26.994490209618217 ], [ 95.195116755802829, 26.994724768811302 ], [ 95.195552113130134, 26.995257035934987 ], [ 95.195906473745382, 26.995942664449966 ], [ 95.196179837648558, 26.996348626732193 ], [ 95.196837935934028, 26.99652003258916 ], [ 95.196939181824092, 26.996853822192513 ], [ 95.197030303125175, 26.997512377153154 ], [ 95.19686830970106, 26.998455096378475 ], [ 95.196939181824092, 27.00008792150593 ], [ 95.197182171960279, 27.000999045663132 ], [ 95.194873765666642, 27.032635731618765 ], [ 95.195329372171983, 27.032365177635487 ], [ 95.195855850800356, 27.032288520555046 ], [ 95.195896349156371, 27.032568093184054 ], [ 95.195693857376227, 27.03399976468965 ], [ 95.195531863952112, 27.034383043727402 ], [ 95.195243313165435, 27.034886940942204 ], [ 95.195218001692879, 27.035400981408355 ], [ 95.196078591758493, 27.035915019521084 ], [ 95.196555713015485, 27.036350146435133 ], [ 95.197006257226292, 27.036616181748766 ], [ 95.198125024311551, 27.037121196203195 ], [ 95.198919804548595, 27.03726548563008 ], [ 95.199927201154807, 27.037432320048737 ], [ 95.201321863290559, 27.036918288882902 ], [ 95.201635725549764, 27.036783017132304 ], [ 95.20204577140457, 27.036580109200816 ], [ 95.202881049997629, 27.036413273515755 ], [ 95.203377154858984, 27.036886725489012 ], [ 95.203620144995156, 27.037166286669024 ], [ 95.204268118691601, 27.0373466483512 ], [ 95.204948997302367, 27.037062578570559 ], [ 95.20492874812436, 27.036553054782232 ], [ 95.20472625634423, 27.036237419417187 ], [ 95.204655384221169, 27.035655746205745 ], [ 95.205035056308915, 27.035263453268609 ], [ 95.205353980862654, 27.034494645318933 ], [ 95.205176800555023, 27.033746123430578 ], [ 95.205278046445088, 27.033074253148762 ], [ 95.205045180897926, 27.032778899504493 ], [ 95.205328669390127, 27.032323467171732 ], [ 95.205845023429475, 27.032224263844363 ], [ 95.207221967534466, 27.032436198119196 ], [ 95.207535829793699, 27.032467762764199 ], [ 95.208229364140678, 27.032359541087231 ], [ 95.208821652597564, 27.032088986438517 ], [ 95.20906464273375, 27.031520819554409 ], [ 95.208948209960141, 27.03106763676454 ], [ 95.20862928540646, 27.030526520590072 ], [ 95.208360983797775, 27.029904233766104 ], [ 95.208647003437235, 27.029256014657808 ], [ 95.209213980421623, 27.029165827354944 ], [ 95.210332747506882, 27.029657347277293 ], [ 95.211588196543758, 27.030000057142942 ], [ 95.21198811780954, 27.03009926243519 ], [ 95.213106884894842, 27.030144355720871 ], [ 95.213309376674971, 27.030432952320488 ], [ 95.213204334064031, 27.030833153409063 ], [ 95.213168898002507, 27.031153313253071 ], [ 95.213376452077128, 27.031455435085672 ], [ 95.21379156022644, 27.031559148363197 ], [ 95.21426741590976, 27.031468962909923 ], [ 95.214733147004068, 27.031252517526543 ], [ 95.215646891162024, 27.030972941622231 ], [ 95.216456858282584, 27.031022543849584 ], [ 95.216866904137348, 27.031184878258678 ], [ 95.217312386053663, 27.031653843011199 ], [ 95.217727494202975, 27.032393360372495 ], [ 95.218884228497032, 27.033023524524658 ], [ 95.21985112674723, 27.033533064330182 ], [ 95.220297874237161, 27.033684122146774 ], [ 95.220753480742502, 27.033859980244404 ], [ 95.22132045772689, 27.034031328895132 ], [ 95.221851998649768, 27.03432893382492 ], [ 95.221882372416786, 27.034640065408123 ], [ 95.221452077383987, 27.034942177859538 ], [ 95.22104203152918, 27.035158616130911 ], [ 95.220859788927058, 27.035501309207302 ], [ 95.221330582315915, 27.036253201206499 ], [ 95.221563447863062, 27.036293782940309 ], [ 95.222292418271579, 27.036293782940309 ], [ 95.223132759159142, 27.036379455441267 ], [ 95.22386805743578, 27.036599272743356 ], [ 95.224181919695013, 27.036766108152023 ], [ 95.224662837672838, 27.036702981269791 ], [ 95.224672962261863, 27.036346764626245 ], [ 95.224566654077265, 27.035940946819686 ], [ 95.224774208151942, 27.035404363245739 ], [ 95.225376621197839, 27.035278107914472 ], [ 95.226459952221617, 27.035476509085566 ], [ 95.227135768537835, 27.035499054651009 ], [ 95.227793866823305, 27.035422399710043 ], [ 95.228492463464818, 27.035422399710043 ], [ 95.228619020827381, 27.035665891694563 ], [ 95.228436778225259, 27.035882328570825 ], [ 95.228067230726509, 27.0361709104235 ], [ 95.227712870111247, 27.036811198760454 ], [ 95.227869801240871, 27.037355666427715 ], [ 95.228158352027549, 27.037707370846309 ], [ 95.228487401170284, 27.038023002078766 ], [ 95.228908837187731, 27.038304814929297 ], [ 95.229359381398524, 27.03867455231628 ], [ 95.229865610848904, 27.038823348725931 ], [ 95.23062495502441, 27.038818839746718 ], [ 95.230964128756156, 27.039017234660758 ], [ 95.230827446804568, 27.039935933811048 ], [ 95.230594581257407, 27.040314683664601 ], [ 95.230214909169646, 27.040674269396561 ], [ 95.229637807596234, 27.041025963418281 ], [ 95.229253073213968, 27.0412649343684 ], [ 95.229065768317312, 27.041521940294139 ], [ 95.228984771605283, 27.041837560801387 ], [ 95.229237886330452, 27.042092310992128 ], [ 95.22997698132798, 27.042570247843209 ], [ 95.231085623824256, 27.043544150599548 ], [ 95.231510856562522, 27.043625308781131 ], [ 95.23204745977992, 27.043242061296795 ], [ 95.232067708957942, 27.042872338954105 ], [ 95.232285387621587, 27.042331279672052 ], [ 95.232599249880806, 27.042060749052975 ], [ 95.232781492482928, 27.041808253220228 ], [ 95.233044731797108, 27.041434017280501 ], [ 95.233110541625663, 27.041384419652676 ], [ 95.233166226865194, 27.041131922298568 ], [ 95.232983984263058, 27.040784737509259 ], [ 95.232771367893903, 27.040548019991789 ], [ 95.23252837775776, 27.040205342320228 ], [ 95.232386633511638, 27.039704850683428 ], [ 95.232371446628136, 27.038628335209502 ], [ 95.232639748236849, 27.0382044896356 ], [ 95.232983984263058, 27.037947476114624 ], [ 95.233525649774947, 27.037667916879862 ], [ 95.234758318486556, 27.037308321517983 ], [ 95.235320233176466, 27.037362429984615 ], [ 95.236423813378238, 27.037754715587752 ], [ 95.236980665773615, 27.03786293206463 ], [ 95.237714698476651, 27.03778627873762 ], [ 95.238263957430306, 27.037593517933974 ], [ 95.238841059003704, 27.037264358369654 ], [ 95.239296665509002, 27.036763853621125 ], [ 95.239595340884748, 27.036326473770757 ], [ 95.239843393315383, 27.034957959830923 ], [ 95.240339498176738, 27.034078675186727 ], [ 95.240771058783182, 27.032480163158027 ], [ 95.240649563715067, 27.031186005580153 ], [ 95.241317786589519, 27.029779099586186 ], [ 95.242451740558337, 27.028390213560748 ], [ 95.242674481516502, 27.028155724614997 ], [ 95.243079465076775, 27.02763263212568 ], [ 95.243322455212947, 27.026514288286933 ], [ 95.243767937129263, 27.025810808231572 ], [ 95.24449690753778, 27.025882960234895 ], [ 95.244739897673924, 27.026099415966769 ], [ 95.245084133700175, 27.025991188152972 ], [ 95.245185379590239, 27.025702580139694 ], [ 95.245833353286685, 27.025395933313064 ], [ 95.246501576161165, 27.025107323770325 ], [ 95.24678506465338, 27.024999095000627 ], [ 95.246967307255488, 27.024728522620148 ], [ 95.247878520266141, 27.024566178879031 ], [ 95.248121510402271, 27.024782637148387 ], [ 95.248222756292378, 27.02503517126878 ], [ 95.247959516978185, 27.025486123643088 ], [ 95.248141759580321, 27.025828846236745 ], [ 95.249397208617196, 27.025612389983465 ], [ 95.250065431491663, 27.02606334004042 ], [ 95.250207175737771, 27.027019348173628 ], [ 95.251138637926402, 27.027362066089044 ], [ 95.252454834497314, 27.027542443519224 ], [ 95.253345798329931, 27.027921235179676 ], [ 95.2544595031207, 27.028173762243593 ], [ 95.25425701134057, 27.02873292729311 ], [ 95.253892526136326, 27.029093677460526 ], [ 95.254176014628513, 27.029292089558684 ], [ 95.255249221063266, 27.028805077419289 ], [ 95.255633955445518, 27.029147789885691 ], [ 95.256059188183826, 27.030211995615456 ], [ 95.256626165168214, 27.030662927204851 ], [ 95.25782086667104, 27.031204042722049 ], [ 95.258610584613606, 27.031240116997157 ], [ 95.259481299268231, 27.030933485289363 ], [ 95.259947030362554, 27.031366376868771 ], [ 95.259764787760432, 27.032087859126122 ], [ 95.259339555022137, 27.032899521124826 ], [ 95.258529587901549, 27.033530809734376 ], [ 95.258772578037735, 27.034319915505314 ], [ 95.259663541870353, 27.034824940288352 ], [ 95.261647961315745, 27.034626537965917 ], [ 95.262589548093416, 27.034942177859552 ], [ 95.263095777543754, 27.035266835110136 ], [ 95.264087987266436, 27.035537382101872 ], [ 95.264918203565045, 27.036168655880658 ], [ 95.265262439591282, 27.036691708608522 ], [ 95.265890164109706, 27.037034397005517 ], [ 95.266659632874266, 27.037359048206213 ], [ 95.267469599994826, 27.038585499825263 ], [ 95.268056826157235, 27.03934300736703 ], [ 95.268785796565737, 27.039775866524508 ], [ 95.270020996424606, 27.040172652619272 ], [ 95.270790465189137, 27.040948185027609 ], [ 95.27158018313169, 27.041272824909974 ], [ 95.273281114084881, 27.04148925097661 ], [ 95.274172077917484, 27.041633534789202 ], [ 95.275063041750101, 27.04201227891485 ], [ 95.276196995718905, 27.042048349717319 ], [ 95.276520982567121, 27.042625480980199 ], [ 95.276500733389113, 27.043184574061282 ], [ 95.275731264624596, 27.043761699481884 ], [ 95.275387028598345, 27.044284716831015 ], [ 95.275797074453138, 27.044997098609972 ], [ 95.276728536641784, 27.047269476092435 ], [ 95.276991775955977, 27.048243338070879 ], [ 95.276607041573712, 27.049397533915972 ], [ 95.275027605688592, 27.049613944315261 ], [ 95.275331343358829, 27.051164873295921 ], [ 95.275741389213593, 27.051913279030934 ], [ 95.277239828386655, 27.053860913928517 ], [ 95.277442320166784, 27.054528151441673 ], [ 95.278232038109351, 27.055285551377214 ], [ 95.279669729748349, 27.055610149784208 ], [ 95.281107421387361, 27.057828213760583 ], [ 95.281714896727763, 27.058279034408866 ], [ 95.282524863848323, 27.058351165544455 ], [ 95.283238647373366, 27.059370012879612 ], [ 95.284777584902443, 27.061263421398895 ], [ 95.285405309420852, 27.061750292708787 ], [ 95.286600010923706, 27.061984711474544 ], [ 95.287470725578288, 27.062417483293228 ], [ 95.288766672971192, 27.064076426460293 ], [ 95.290528351458448, 27.065861566150566 ], [ 95.293206305250834, 27.067908130726597 ], [ 95.29581844921465, 27.068953937850086 ], [ 95.29717514414159, 27.069404713774038 ], [ 95.297640875235899, 27.069530930707952 ], [ 95.29885582591676, 27.069621085573747 ], [ 95.299503799613191, 27.070035797022662 ], [ 95.30118448138839, 27.072163422939958 ], [ 95.301933700974914, 27.072632216441985 ], [ 95.303209399189797, 27.072956764641091 ], [ 95.304328166275084, 27.074263963150866 ], [ 95.309491706668666, 27.078356748169501 ], [ 95.311739365428238, 27.079979396889517 ], [ 95.313445358675963, 27.080565347597641 ], [ 95.315085542095119, 27.081647094701605 ], [ 95.316442237022059, 27.082855033292947 ], [ 95.319135377697918, 27.084135073409662 ], [ 95.323225711656775, 27.08559538300835 ], [ 95.32458240658373, 27.085992007019854 ], [ 95.325675862196519, 27.086280459964474 ], [ 95.326789566987273, 27.086821307233855 ], [ 95.328348753694371, 27.087091729889398 ], [ 95.330641973104477, 27.088313130751072 ], [ 95.33230240570164, 27.089827469047631 ], [ 95.338139231264236, 27.093856590883796 ], [ 95.343161027411711, 27.096362325096891 ], [ 95.347757590820933, 27.099300632642326 ], [ 95.354925799837957, 27.103951293108963 ], [ 95.36081831064007, 27.106943476384906 ], [ 95.362660985839383, 27.107231875366089 ], [ 95.36468590364079, 27.108061018297747 ], [ 95.36804726719113, 27.107213850451533 ], [ 95.366042598567745, 27.10524911736405 ], [ 95.363855687342209, 27.104077471127404 ], [ 95.363470952959943, 27.103789064019136 ], [ 95.363268461179786, 27.103518681680324 ], [ 95.363491202137965, 27.103140145308881 ], [ 95.365151634735099, 27.103104094159136 ], [ 95.366569077196104, 27.1030319918248 ], [ 95.368067516369138, 27.10306804299778 ], [ 95.369039476913827, 27.102707530745679 ], [ 95.370274676772695, 27.102040580018794 ], [ 95.370947961941653, 27.101315041270059 ], [ 95.371352945501954, 27.099836910514863 ], [ 95.370988460297696, 27.098575076138211 ], [ 95.370664473449452, 27.09781796868662 ], [ 95.370117745643071, 27.097295201030072 ], [ 95.369368526056562, 27.095023837357751 ], [ 95.369490021124633, 27.094302759891271 ], [ 95.371332696323947, 27.092860591030163 ], [ 95.374835804120366, 27.092860591030163 ], [ 95.376698728497686, 27.094969756708814 ], [ 95.379432367529589, 27.096592164816411 ], [ 95.381720524645175, 27.097655730709558 ], [ 95.382591239299771, 27.098755339062642 ], [ 95.382530491765749, 27.099296126094696 ], [ 95.381720524645175, 27.100413744350835 ], [ 95.382105259027441, 27.101116756570359 ], [ 95.382469744231685, 27.102180279486486 ], [ 95.382555803238247, 27.103523188057984 ], [ 95.383386019536843, 27.104460510669355 ], [ 95.383952996521245, 27.105253623672063 ], [ 95.384499724327625, 27.105722278714197 ], [ 95.385714675008458, 27.106010680841795 ], [ 95.38871155335454, 27.106623532895746 ], [ 95.39051373019781, 27.107560829546813 ], [ 95.393287867585755, 27.108588241858676 ], [ 95.395576024701356, 27.108768488660271 ], [ 95.396143001685729, 27.108660340614147 ], [ 95.39719595894249, 27.108444044208404 ], [ 95.398572903047437, 27.109002809068375 ], [ 95.399965034035958, 27.110070763176743 ], [ 95.401807709235229, 27.111170249586834 ], [ 95.403103656628161, 27.11293661497292 ], [ 95.413795222619584, 27.121605820398617 ], [ 95.415359471621215, 27.123002563008718 ], [ 95.418639838459498, 27.124552476328542 ], [ 95.420239523522625, 27.126156433777737 ], [ 95.422365687214096, 27.126030280654511 ], [ 95.426172532680752, 27.126408739597302 ], [ 95.428845424178633, 27.126606979484798 ], [ 95.429726263422253, 27.126534892293634 ], [ 95.433796348203089, 27.126390717771923 ], [ 95.43869664928252, 27.126444783239343 ], [ 95.439162380376828, 27.126102368170915 ], [ 95.440519075303783, 27.128679466359159 ], [ 95.441734025984644, 27.129130001901689 ], [ 95.442857855364451, 27.128850670079139 ], [ 95.444093055223291, 27.128940777194909 ], [ 95.44526750754811, 27.129247140845429 ], [ 95.445429500972224, 27.129913929418706 ], [ 95.444943520699908, 27.130184247977891 ], [ 95.444255048647406, 27.130400502354746 ], [ 95.443890563443148, 27.13074290426276 ], [ 95.443708320841026, 27.131337599821556 ], [ 95.443303337280767, 27.131770103695878 ], [ 95.442857855364451, 27.133446040407048 ], [ 95.443181842212653, 27.134437173952321 ], [ 95.44376906837509, 27.135031849861949 ], [ 95.444336045359478, 27.135338196823334 ], [ 95.445571245218346, 27.13546433944579 ], [ 95.447008936857316, 27.13513997241477 ], [ 95.448203638360184, 27.134563317591414 ], [ 95.448770615344571, 27.134238947946187 ], [ 95.449256595616902, 27.133013543015561 ], [ 95.448669369454493, 27.131589893951549 ], [ 95.448466877674335, 27.13086905206983 ], [ 95.44862887109845, 27.130238311611315 ], [ 95.450026064381447, 27.129679652805486 ], [ 95.45055254300982, 27.129427354365415 ], [ 95.451807992046668, 27.129463397034563 ], [ 95.452800201769364, 27.129877886894771 ], [ 95.454055650806254, 27.130310396415211 ], [ 95.454764372036749, 27.130887073173515 ], [ 95.455371847377194, 27.131571872961139 ], [ 95.455574339157323, 27.132364793791428 ], [ 95.455533840801266, 27.133049584528756 ], [ 95.457012030796321, 27.13602296934863 ], [ 95.45895595188567, 27.138257461044862 ], [ 95.45895595188567, 27.139554887339223 ], [ 95.457902994628952, 27.140924376534333 ], [ 95.456526050523962, 27.142005540361822 ], [ 95.456121066963718, 27.143086693730588 ], [ 95.45846997161334, 27.144672366418877 ], [ 95.459927912430359, 27.145753493988281 ], [ 95.460818876262991, 27.147122907227345 ], [ 95.463410771048785, 27.149717538918743 ], [ 95.463410771048785, 27.150942760717424 ], [ 95.461304856535321, 27.152023827616635 ], [ 95.46041389270269, 27.154041791171696 ], [ 95.457983991340981, 27.155266965545074 ], [ 95.455068109706957, 27.156780397688589 ], [ 95.453448175465837, 27.157717273977088 ], [ 95.454501132722569, 27.158870341697629 ], [ 95.459036948597728, 27.159158606767669 ], [ 95.461871833519709, 27.160816116480987 ], [ 95.462924790776455, 27.162257409278013 ], [ 95.46438273159346, 27.163896857219221 ], [ 95.46438273159346, 27.165193985786015 ], [ 95.464463728305532, 27.166707283401315 ], [ 95.46486871186579, 27.167788197711204 ], [ 95.466569642818996, 27.168508801436978 ], [ 95.467217616515441, 27.170598525937756 ], [ 95.467379609939556, 27.171823518664173 ], [ 95.46486871186579, 27.173985237738936 ], [ 95.463653761184958, 27.175282249087108 ], [ 95.461142863111192, 27.176939519430153 ], [ 95.460818876262991, 27.178488684668885 ], [ 95.461547846671493, 27.17956948488979 ], [ 95.464544725017589, 27.17956948488979 ], [ 95.466893629667226, 27.180722326920058 ], [ 95.467622600075742, 27.182451567631766 ], [ 95.467298613227499, 27.184036681406543 ], [ 95.46632665268281, 27.185765870747773 ], [ 95.462843794064383, 27.188719840531636 ], [ 95.461709840095608, 27.190448957276882 ], [ 95.460818876262991, 27.191961912439051 ], [ 95.462438810504125, 27.192970537811235 ], [ 95.463329774336714, 27.194483458765053 ], [ 95.463491767760843, 27.195636146667074 ], [ 95.461790836807651, 27.196500654773946 ], [ 95.45895595188567, 27.196644738806768 ], [ 95.458793958461555, 27.197941486723721 ], [ 95.459441932158029, 27.198517814290248 ], [ 95.458388974901297, 27.200174739449167 ], [ 95.457417014356594, 27.202552023837768 ], [ 95.456121066963718, 27.203488515889642 ], [ 95.456769040660149, 27.206622105159852 ], [ 95.457821997916895, 27.20971958957557 ], [ 95.459279938733914, 27.21007975659473 ], [ 95.461142863111192, 27.210295856247484 ], [ 95.463167780912627, 27.211160250667803 ], [ 95.466488646106924, 27.213681362761239 ], [ 95.467946586923944, 27.214761821910436 ], [ 95.468270573772188, 27.216058359058771 ], [ 95.467298613227499, 27.216706621974787 ], [ 95.467379609939556, 27.218003136490214 ], [ 95.467541603363671, 27.218795443488148 ], [ 95.469971504725379, 27.218363276733307 ], [ 95.471915425814728, 27.218651388089491 ], [ 95.472077419238843, 27.220452067182929 ], [ 95.471996422526786, 27.221820563825862 ], [ 95.471267452118255, 27.222972969010208 ], [ 95.471672435678542, 27.224557506669232 ], [ 95.474831307448753, 27.225493813780112 ], [ 95.477261208810461, 27.226718203508625 ], [ 95.477828185794849, 27.228878858424391 ], [ 95.47952911674804, 27.230247251519533 ], [ 95.479934100308299, 27.230895431852701 ], [ 95.480258087156557, 27.232191781198438 ], [ 95.479205129899796, 27.232983987256716 ], [ 95.479367123323925, 27.234928469135703 ], [ 95.482525995094136, 27.236044730424023 ], [ 95.483497955638782, 27.237124972625622 ], [ 95.483740945774954, 27.239357439953846 ], [ 95.4846319096076, 27.241733888226346 ], [ 95.485274821009497, 27.241774395427491 ], [ 95.48644927333433, 27.241720385822685 ], [ 95.488555187847822, 27.242638545539489 ], [ 95.491511567837875, 27.244618864236131 ], [ 95.494062964267641, 27.24533897138792 ], [ 95.499712484933582, 27.245518997447693 ], [ 95.503585140228807, 27.246842180048887 ], [ 95.506501021862846, 27.250172570006928 ], [ 95.508262700350073, 27.254686439409618 ], [ 95.508019710213887, 27.257886090320053 ], [ 95.508485441308238, 27.259470130963837 ], [ 95.509356155962834, 27.259992139414706 ], [ 95.510186372261401, 27.260046140149068 ], [ 95.511178581984097, 27.25864211253284 ], [ 95.514803184848631, 27.25567199570267 ], [ 95.516838227239063, 27.255599991885646 ], [ 95.520665321883754, 27.25633802880024 ], [ 95.525246698409433, 27.262143148384165 ], [ 95.527150121142768, 27.264249116851015 ], [ 95.528770055383902, 27.264285115965212 ], [ 95.529823012640648, 27.264807101811257 ], [ 95.531280953457667, 27.265275087037896 ], [ 95.532252914002342, 27.265419082095917 ], [ 95.534095589201627, 27.265635074333257 ], [ 95.535148546458373, 27.265419082095917 ], [ 95.535411785772524, 27.264807101811257 ], [ 95.535452284128567, 27.264663105960583 ], [ 95.535209293992395, 27.264105120277648 ], [ 95.534784061254115, 27.263907124684739 ], [ 95.533872848243448, 27.26403312192102 ], [ 95.53332612043711, 27.264051121514548 ], [ 95.533002133588866, 27.263565131466493 ], [ 95.535715523442761, 27.260199142087362 ], [ 95.536849477411536, 27.259749135785533 ], [ 95.537740441244168, 27.259785136356697 ], [ 95.538226421516484, 27.259893138000255 ], [ 95.539117385349115, 27.258795116402929 ], [ 95.540686696645224, 27.258030094947316 ], [ 95.542205384996294, 27.258030094947316 ], [ 95.543339338965097, 27.257670083029517 ], [ 95.54425055197575, 27.257022058640587 ], [ 95.545303509232454, 27.256374030475673 ], [ 95.546315968133158, 27.255617992844275 ], [ 95.547247430321832, 27.254897952226774 ], [ 95.547368925389918, 27.254177906947831 ], [ 95.546882945117588, 27.252593790926245 ], [ 95.547227181143825, 27.251405689104917 ], [ 95.548199141688485, 27.250793631699128 ], [ 95.549717830039555, 27.250793631699128 ], [ 95.551115023322538, 27.250397592759718 ], [ 95.55352467550621, 27.248993443340915 ], [ 95.555671088375703, 27.248831424959846 ], [ 95.558435101174709, 27.248849427013837 ], [ 95.562808923625752, 27.245681020652466 ], [ 95.564428857866886, 27.245032926417849 ], [ 95.567749723061183, 27.245032926417849 ], [ 95.571880555376097, 27.244744883324113 ], [ 95.574148463313676, 27.243952760971631 ], [ 95.574958430434236, 27.242296486922545 ], [ 95.575363413994495, 27.24028012002535 ], [ 95.576902351523572, 27.238983864871372 ], [ 95.576416371251256, 27.237327516871314 ], [ 95.574796437010107, 27.235671144222973 ], [ 95.576173381115069, 27.233798693289149 ], [ 95.578117302204447, 27.232646400137064 ], [ 95.578765275900892, 27.230773898327676 ], [ 95.578927269325007, 27.229261470029584 ], [ 95.579737236445581, 27.228469237483989 ], [ 95.581762154246988, 27.228181151524435 ], [ 95.582734114791663, 27.228757322698208 ], [ 95.584840029305127, 27.225606350162543 ], [ 95.586540960258333, 27.224021827426249 ], [ 95.591967739966094, 27.223733729961175 ], [ 95.595612592008663, 27.223733729961175 ], [ 95.59844747693063, 27.222941458089515 ], [ 95.601039371716411, 27.224237900035988 ], [ 95.604360236910765, 27.225174209833927 ], [ 95.607033128408602, 27.227190850353871 ], [ 95.609463029770311, 27.227478938875496 ], [ 95.611811934419961, 27.230071702029921 ], [ 95.614160839069584, 27.231007962776122 ], [ 95.616752733855378, 27.230935942998247 ], [ 95.617967684536254, 27.231656138680641 ], [ 95.620397585897948, 27.232736423469063 ], [ 95.622179513563182, 27.231728157992659 ], [ 95.626634332726283, 27.231728157992659 ], [ 95.629874201208551, 27.230935942998247 ], [ 95.633357059826963, 27.229855640739654 ], [ 95.675151363248162, 27.246491133137258 ], [ 95.677277526939648, 27.24928147543579 ], [ 95.679545434877213, 27.250793631699128 ], [ 95.681813342814792, 27.251729718132871 ], [ 95.68553919156939, 27.251801724455348 ], [ 95.692585905518328, 27.253097830289363 ], [ 95.697850691802003, 27.251369685821331 ], [ 95.700766573436027, 27.24928147543579 ], [ 95.702123268362982, 27.249263473451705 ], [ 95.706335097389925, 27.249929544922669 ], [ 95.709412972448064, 27.252161755368562 ], [ 95.709939451076423, 27.252809808075824 ], [ 95.710263437924681, 27.253133833013621 ], [ 95.711923870521815, 27.252791806662721 ], [ 95.712895831066504, 27.251567703736871 ], [ 95.713199568736698, 27.250937645509339 ], [ 95.715042243936011, 27.25034358734057 ], [ 95.717816381323942, 27.249821533603694 ], [ 95.719922295837392, 27.24985753738834 ], [ 95.721542230078526, 27.250901642074258 ], [ 95.721906715282785, 27.251405689104917 ], [ 95.722534439801223, 27.253223839773277 ], [ 95.723040669251588, 27.254015896117672 ], [ 95.725227580477124, 27.25624802456068 ], [ 95.726812078656693, 27.258957120271241 ], [ 95.728492760431891, 27.259965139037693 ], [ 95.730740419191463, 27.260019139785161 ], [ 95.732502097678676, 27.259983139289762 ], [ 95.733777795893559, 27.259965139037693 ], [ 95.73460801219214, 27.260397144283242 ], [ 95.735590097325868, 27.262728143626237 ], [ 95.736116575954227, 27.263250136782169 ], [ 95.737979500331519, 27.263952123714098 ], [ 95.741280116347838, 27.266058057915803 ], [ 95.74395300784569, 27.266220051202065 ], [ 95.745714686332931, 27.266742027963154 ], [ 95.747172627149951, 27.266670031314234 ], [ 95.748772312213049, 27.26627404891169 ], [ 95.750473243166255, 27.266472040289273 ], [ 95.751445203710929, 27.266940018507253 ], [ 95.753966226373691, 27.267641982140379 ], [ 95.756315131023342, 27.269009898535884 ], [ 95.757793321018355, 27.269225883796366 ], [ 95.759150015945337, 27.268775914030101 ], [ 95.760344717448163, 27.268073957557529 ], [ 95.762896113877943, 27.267731977157386 ], [ 95.764212310448855, 27.267821972101522 ], [ 95.764819785789285, 27.26756998607431 ], [ 95.766601713454492, 27.268307943540915 ], [ 95.767877411669417, 27.268145953297172 ], [ 95.767897660847439, 27.268703918698453 ], [ 95.767897660847439, 27.269225883796366 ], [ 95.769244231185397, 27.26944186863718 ], [ 95.771795627615177, 27.269477866069838 ], [ 95.773233319254146, 27.269477866069838 ], [ 95.774144532264813, 27.269747846443238 ], [ 95.774509017469072, 27.270125817864319 ], [ 95.775278486233589, 27.270341800956427 ], [ 95.776068204176156, 27.269963830269809 ], [ 95.776371941846364, 27.269873837059741 ], [ 95.776837672940673, 27.269801842439229 ], [ 95.777242656500974, 27.269873837059741 ], [ 95.77736415156906, 27.270503788000095 ], [ 95.777748885951311, 27.270719770357744 ], [ 95.778336112113735, 27.270377798097645 ], [ 95.778882839920115, 27.269963830269809 ], [ 95.779186577590323, 27.269693850421021 ], [ 95.779611810328632, 27.270125817864319 ], [ 95.78046733809974, 27.271844671685027 ], [ 95.781034315084128, 27.272618597187083 ], [ 95.781662039602566, 27.273248532570687 ], [ 95.783423718089779, 27.273500505724375 ], [ 95.784355180278425, 27.274490394725934 ], [ 95.785549881781279, 27.275048328277723 ], [ 95.786056111231616, 27.275588261305899 ], [ 95.786582589860004, 27.275894222190693 ], [ 95.787898786430929, 27.276416153520508 ], [ 95.788648006017453, 27.277316029366546 ], [ 95.78836451752521, 27.278179903322592 ], [ 95.787919035608937, 27.278305884380035 ], [ 95.787757042184822, 27.278629835014687 ], [ 95.788222773279131, 27.278791809977822 ], [ 95.7896199665621, 27.278629835014687 ], [ 95.791209527036244, 27.279358720489316 ], [ 95.794813880722771, 27.281860291058802 ], [ 95.795198615105036, 27.282346201111029 ], [ 95.795725093733395, 27.282580157044844 ], [ 95.796433814963905, 27.282526167257696 ], [ 95.797061539482314, 27.281914281169563 ], [ 95.797932254136938, 27.281698320569106 ], [ 95.798985211393685, 27.281770307482571 ], [ 95.799774929336209, 27.282400190985641 ], [ 95.800139414540467, 27.283102056967849 ], [ 95.80032165714259, 27.283839911296006 ], [ 95.80098988001707, 27.284397797900198 ], [ 95.801820096315652, 27.284595756989486 ], [ 95.80267056179224, 27.283911896821735 ], [ 95.802488319190104, 27.28259815363473 ], [ 95.801597355357487, 27.281878287765302 ], [ 95.800503899744726, 27.280258572504366 ], [ 95.800220411252525, 27.278746816956193 ], [ 95.799491440844022, 27.27788294740775 ], [ 95.799288949063893, 27.276767105967313 ], [ 95.799876175226274, 27.276047202317198 ], [ 95.802144083163853, 27.27597521169567 ], [ 95.803804515761044, 27.276281171515052 ], [ 95.80499921726387, 27.276191183420334 ], [ 95.805667440138336, 27.275687248743168 ], [ 95.805586443426265, 27.275147316195937 ], [ 95.804837223839755, 27.273941457368654 ], [ 95.805080213975927, 27.273167541078532 ], [ 95.805626941782322, 27.273077550462467 ], [ 95.806335663012817, 27.27340151633927 ], [ 95.807003885887269, 27.274031447285171 ], [ 95.811387832927338, 27.276587130492032 ], [ 95.813190009770608, 27.277415015264708 ], [ 95.814668199765634, 27.278260891161633 ], [ 95.815093432503943, 27.278728819742447 ], [ 95.818070061672017, 27.278908791748801 ], [ 95.820621458101797, 27.278584841927465 ], [ 95.826392473835824, 27.279880635545723 ], [ 95.830958663478029, 27.281032439408282 ], [ 95.836851174280113, 27.282958084820198 ], [ 95.844100380009181, 27.284739727014657 ], [ 95.847431369792545, 27.285540556873901 ], [ 95.85040799896062, 27.286566330506602 ], [ 95.851805192243589, 27.286746289816278 ], [ 95.855693034422316, 27.287070215838956 ], [ 95.859155643862721, 27.287268170165532 ], [ 95.858710161946405, 27.285486568525556 ], [ 95.857110476883307, 27.282661141676368 ], [ 95.855551290176194, 27.280663503533404 ], [ 95.854174346071233, 27.279529692932986 ], [ 95.85399210346911, 27.278854800177498 ], [ 95.854275591961297, 27.277774963241949 ], [ 95.855065309903864, 27.27682109855305 ], [ 95.855328549218058, 27.275327294003173 ], [ 95.854781821411663, 27.274319414528343 ], [ 95.854964064013799, 27.273131544840854 ], [ 95.856067644215585, 27.271034743876999 ], [ 95.857039604760274, 27.270602779966119 ], [ 95.858355801331172, 27.270314803092862 ], [ 95.859348011053868, 27.269000899140927 ], [ 95.86009723064042, 27.268640922745018 ], [ 95.860866699404951, 27.267776974638558 ], [ 95.860907197760994, 27.266913019817459 ], [ 95.863620587614889, 27.26655303666028 ], [ 95.864268561311334, 27.264573108459199 ], [ 95.865807498840411, 27.263853125825477 ], [ 95.866698462673014, 27.262305147374725 ], [ 95.868318396914148, 27.261045149004655 ], [ 95.870950790055986, 27.259821136916198 ], [ 95.873502186485794, 27.259101123511595 ], [ 95.87718753688435, 27.259317128022481 ], [ 95.878969464549598, 27.257589080187397 ], [ 95.882330828099938, 27.256041014533263 ], [ 95.883626775492843, 27.25557299044225 ], [ 95.890551994373652, 27.255176968519244 ], [ 95.893629869431805, 27.255716998064642 ], [ 95.894318341484293, 27.257661082716634 ], [ 95.895371298741026, 27.25874111506106 ], [ 95.895695285589269, 27.260109140972688 ], [ 95.89504731189281, 27.263493132760178 ], [ 95.895411797097069, 27.265869065450154 ], [ 95.894318341484293, 27.267129009152217 ], [ 95.894136098882186, 27.267578985585121 ], [ 95.894703075866573, 27.26819095061078 ], [ 95.895594039699191, 27.268478932986532 ], [ 95.897416465720468, 27.26819095061078 ], [ 95.900089357218349, 27.268730916953277 ], [ 95.901061317763009, 27.269846839082508 ], [ 95.900372845710535, 27.27229462902806 ], [ 95.900210852286421, 27.27405844424591 ], [ 95.901061317763009, 27.27503033046494 ], [ 95.902397763511942, 27.274778360779859 ], [ 95.903612714192789, 27.27308654952736 ], [ 95.90470616980555, 27.273230534466411 ], [ 95.905475638570095, 27.274274419695786 ], [ 95.905313645145981, 27.27567824988888 ], [ 95.903369724056631, 27.277837954018093 ], [ 95.901749789815497, 27.278629835014687 ], [ 95.900494340778621, 27.279061767724997 ], [ 95.899967862150248, 27.280357555781084 ], [ 95.898955403249545, 27.281005444141908 ], [ 95.897821449280741, 27.281509354699335 ], [ 95.897740452568698, 27.282265216249918 ], [ 95.898266931197057, 27.282769121093224 ], [ 95.899846367082162, 27.282661141676368 ], [ 95.901020819406995, 27.283273023650843 ], [ 95.901871284883569, 27.283920895009167 ], [ 95.90296474049633, 27.283848909489279 ], [ 95.904179691177205, 27.283201037711137 ], [ 95.905394641858038, 27.282193229657146 ], [ 95.907014576099172, 27.282265216249918 ], [ 95.907622051439603, 27.283273023650843 ], [ 95.907743546507675, 27.284820710071809 ], [ 95.907460058015488, 27.286080438914052 ], [ 95.907905539931804, 27.288455888715983 ], [ 95.908199153013015, 27.289274687290007 ], [ 95.90884712670946, 27.289742569479131 ], [ 95.911560516563327, 27.28938266027783 ], [ 95.91334244422859, 27.288518873435986 ], [ 95.91463839162148, 27.289058740999433 ], [ 95.915610352166169, 27.291506107705352 ], [ 95.916420319286743, 27.292081950856737 ], [ 95.917513774899504, 27.291074223382221 ], [ 95.91795925681582, 27.290606346803411 ], [ 95.918566732156236, 27.29031842177514 ], [ 95.91876922393638, 27.291146204219391 ], [ 95.919174207496638, 27.292009970626122 ], [ 95.920956135161902, 27.293269617925752 ], [ 95.922171085842734, 27.293917430972932 ], [ 95.923831518439911, 27.294781175823374 ], [ 95.925421078914027, 27.296886525746476 ], [ 95.92663602959486, 27.297138445285157 ], [ 95.927891478631736, 27.297498329348816 ], [ 95.928903937532439, 27.297822224008669 ], [ 95.929997393145214, 27.298577974540162 ], [ 95.930928855333846, 27.30016143516135 ], [ 95.931536330674277, 27.300305385006919 ], [ 95.932994271491296, 27.299945510042992 ], [ 95.934938192580674, 27.300017485129114 ], [ 95.936315136685636, 27.300557296787485 ], [ 95.938826034759387, 27.301349015804682 ], [ 95.940567464068607, 27.302572570451431 ], [ 95.941660919681368, 27.303796111610623 ], [ 95.942349391733813, 27.304983653366389 ], [ 95.944171817755091, 27.305163582826978 ], [ 95.945508263504038, 27.304551821470824 ], [ 95.946237233912555, 27.303904070477113 ], [ 95.947614178017488, 27.303724138974623 ], [ 95.949193613902622, 27.304155974090552 ], [ 95.950732551431699, 27.305271540363314 ], [ 95.952149993892661, 27.30609921131974 ], [ 95.953729429777781, 27.30840226323485 ], [ 95.956685809767833, 27.309445817898215 ], [ 95.959966176606116, 27.310057552276096 ], [ 95.961515238724203, 27.311227035082293 ], [ 95.96163673379229, 27.31216261245229 ], [ 95.961029258451859, 27.312810315240888 ], [ 95.959085337362509, 27.312954248680413 ], [ 95.957586898189476, 27.313422031069287 ], [ 95.957181914629174, 27.314825366401848 ], [ 95.957100917917117, 27.315868860654405 ], [ 95.956128957372457, 27.31658850614415 ], [ 95.956088459016414, 27.317128237197689 ], [ 95.957100917917117, 27.317596001986523 ], [ 95.958761350514294, 27.317596001986523 ], [ 95.959773809414997, 27.316948327138302 ], [ 95.960786268315715, 27.31658850614415 ], [ 95.96224420913272, 27.316768416787117 ], [ 95.963702149949739, 27.317452074569282 ], [ 95.963216169677409, 27.319287135150301 ], [ 95.963742648305782, 27.320150682565821 ], [ 95.963297166389466, 27.321374029895328 ], [ 95.962973179541223, 27.321769815848196 ], [ 95.96305417625328, 27.32234550198557 ], [ 95.963378163101524, 27.322885205025344 ], [ 95.964755107206486, 27.323173045572609 ], [ 95.967326752814259, 27.322723294389185 ], [ 95.971943565401489, 27.32340691546716 ], [ 95.974373466763168, 27.324738165472578 ], [ 95.976438882920618, 27.325997441309212 ], [ 95.976317387852532, 27.326860936474734 ], [ 95.975831407580202, 27.327760403454871 ], [ 95.974211473339068, 27.328551928361556 ], [ 95.971943565401489, 27.329091601194509 ], [ 95.970566621296527, 27.328767797809956 ], [ 95.969594660751838, 27.327796381982296 ], [ 95.967974726510704, 27.326717021080785 ], [ 95.966557284049713, 27.326609084412752 ], [ 95.966071303777383, 27.327508553435923 ], [ 95.966030805421369, 27.328515950079289 ], [ 95.967853231442632, 27.330242894458408 ], [ 95.969959145956096, 27.331969811937306 ], [ 95.970728614720628, 27.334308303143203 ], [ 95.971943565401489, 27.336826623115918 ], [ 95.976762869768848, 27.337258329366094 ], [ 95.987181071857123, 27.345622306031256 ], [ 95.98722157021318, 27.34893174826577 ], [ 95.9888415044543, 27.35374285342699 ], [ 95.989003497878414, 27.356368639488931 ], [ 95.992931838413156, 27.357879337502201 ], [ 95.996941175659941, 27.356188793114587 ], [ 96.000424034278396, 27.357843368741388 ], [ 96.002975430708176, 27.3600014737099 ], [ 96.008564203840066, 27.360217281893345 ], [ 96.012381173895733, 27.36444344070766 ], [ 96.010599246230484, 27.369011107534202 ], [ 96.010072767602097, 27.370449703722823 ], [ 96.004241004334048, 27.373938221824279 ], [ 96.003269043789345, 27.38227245769702 ], [ 96.000312663799306, 27.383279356306694 ], [ 95.997923260793655, 27.385347065785417 ], [ 95.997396782165282, 27.389230659101852 ], [ 95.997680270657469, 27.395271533177858 ], [ 95.993994920258885, 27.39786037817537 ], [ 95.993863300601788, 27.399271632727711 ], [ 95.988882002810314, 27.405204098095648 ], [ 95.984751170495443, 27.406390552956417 ], [ 95.984589177071342, 27.411711466560696 ], [ 95.972601663686973, 27.410417213862356 ], [ 95.969969270545135, 27.413005704097216 ], [ 95.969604785340877, 27.416349080887073 ], [ 95.970212260681308, 27.418146553462282 ], [ 95.971832194922399, 27.418146553462282 ], [ 95.972966148891217, 27.417391618543512 ], [ 95.974505086420294, 27.417858959815945 ], [ 95.975355551896868, 27.4183622482056 ], [ 95.973776116011791, 27.421696475860262 ], [ 95.971629703142284, 27.422595172290553 ], [ 95.970050267257193, 27.422451381353191 ], [ 95.968308837947959, 27.422846805980409 ], [ 95.968025349455786, 27.424140913042127 ], [ 95.969928772189078, 27.426657188912063 ], [ 95.969999644312111, 27.428005170253272 ], [ 95.969108680479508, 27.428795978313456 ], [ 95.967691238018517, 27.428795978313456 ], [ 95.965625821861067, 27.427106517854455 ], [ 95.965504326792995, 27.423979150488826 ], [ 95.966273795557512, 27.41952160023401 ], [ 95.96566632021711, 27.418155540751656 ], [ 95.964937349808579, 27.416897313122782 ], [ 95.963398412279531, 27.416573766558649 ], [ 95.961778478038397, 27.417436555290244 ], [ 95.960604025713579, 27.418730725750965 ], [ 95.960806517493722, 27.420384365938258 ], [ 95.962021468174541, 27.422577198433618 ], [ 95.962304956666742, 27.426100018483893 ], [ 95.962750438583058, 27.428328683326196 ], [ 95.960766019137694, 27.429191380219311 ], [ 95.958295619419943, 27.428580303949726 ], [ 95.956554190110751, 27.427178410315538 ], [ 95.956716183534866, 27.425740552199382 ], [ 95.954974754225645, 27.42042031436301 ], [ 95.954286282173143, 27.419413754047071 ], [ 95.953881298612885, 27.418802623665268 ], [ 95.951653889031363, 27.419162112534693 ], [ 95.950681928486674, 27.420671953008576 ], [ 95.951653889031363, 27.423835361353611 ], [ 95.950033954790229, 27.425057563034652 ], [ 95.946470099459745, 27.425776498880499 ], [ 95.945336145490941, 27.42728624891939 ], [ 95.94760405342852, 27.431815375164025 ], [ 95.94630810603563, 27.434403363873898 ], [ 95.943392224401592, 27.436847519715265 ], [ 95.940152355919324, 27.437278835715453 ], [ 95.936750494012955, 27.43598488265782 ], [ 95.935211556483864, 27.435409787540294 ], [ 95.932538664985998, 27.436703747340598 ], [ 95.930270757048419, 27.437782035585144 ], [ 95.927921852398782, 27.438357118340953 ], [ 95.923548029947739, 27.437350721551603 ], [ 95.916906299559102, 27.435194126098637 ], [ 95.912451480396001, 27.43562544856054 ], [ 95.909211611913733, 27.435481674593863 ], [ 95.907753671096714, 27.434475251582981 ], [ 95.904979533708755, 27.430449467770707 ], [ 95.902306642210917, 27.426567322904141 ], [ 95.900281724409496, 27.421534709726096 ], [ 95.899390760576892, 27.415567171187284 ], [ 95.898094813183945, 27.411037378505554 ], [ 95.894368964429347, 27.407460149071564 ], [ 95.892506040052069, 27.402930024008064 ], [ 95.889671155130102, 27.400269387812834 ], [ 95.885459326103131, 27.398687357550809 ], [ 95.884406368846427, 27.400341297741299 ], [ 95.883758395149982, 27.402067121989418 ], [ 95.885864309663447, 27.403721011606777 ], [ 95.88691726692015, 27.405302969820578 ], [ 95.888294211025141, 27.408394913669078 ], [ 95.886593280071949, 27.412924814695387 ], [ 95.884892349118758, 27.413428125566721 ], [ 95.88383939186204, 27.41393143414497 ], [ 95.8846493589826, 27.415009944805171 ], [ 95.8848113524067, 27.417598327427125 ], [ 95.883920388574097, 27.419539574588264 ], [ 95.884406368846427, 27.421552683752711 ], [ 95.884163378710241, 27.42450038453439 ], [ 95.884487365558485, 27.429676644259128 ], [ 95.884730355694629, 27.431833347517074 ], [ 95.883596401725853, 27.434349448061351 ], [ 95.881895470772662, 27.435643420293204 ], [ 95.878736599002451, 27.43600285433196 ], [ 95.874524769975523, 27.434205672432483 ], [ 95.873188324226589, 27.431114451112869 ], [ 95.87173038340957, 27.429245298551287 ], [ 95.870839419576939, 27.426657188912063 ], [ 95.868976495199618, 27.425435004937405 ], [ 95.865088653020933, 27.424428490329554 ], [ 95.864440679324446, 27.423493861407049 ], [ 95.863144731931555, 27.422774910698958 ], [ 95.860390843721646, 27.422415433589592 ], [ 95.857150975239378, 27.420618030489937 ], [ 95.856664994967048, 27.419323882144177 ], [ 95.856422004830875, 27.416807439172253 ], [ 95.85739396537555, 27.415153745430946 ], [ 95.859418883176957, 27.41407523617471 ], [ 95.862172771386881, 27.412133892978961 ], [ 95.862658751659225, 27.410048708585009 ], [ 95.86168679111455, 27.408970149490887 ], [ 95.860471840433704, 27.408323008980791 ], [ 95.858770909480512, 27.408323008980791 ], [ 95.857069978527321, 27.409904901314114 ], [ 95.855126057437971, 27.410480129274674 ], [ 95.854397087029469, 27.410623935796874 ], [ 95.853020142924507, 27.410911548279731 ], [ 95.851157218547201, 27.415513246176378 ], [ 95.850104261290468, 27.417598327427125 ], [ 95.846540405959971, 27.419467677153708 ], [ 95.844434491446506, 27.421624579829892 ], [ 95.842733560493315, 27.423925229585056 ], [ 95.842247580220985, 27.426153938325637 ], [ 95.842814557205372, 27.42953286254378 ], [ 95.845244458567066, 27.432264683112294 ], [ 95.845082465142951, 27.43327112627972 ], [ 95.845892432263526, 27.434061896616321 ], [ 95.846135422399698, 27.435355872219382 ], [ 95.8468643928082, 27.436506060019614 ], [ 95.846702399384085, 27.438015663316129 ], [ 95.847107382944358, 27.438734514770776 ], [ 95.848565323761406, 27.439956551496856 ], [ 95.849132300745794, 27.44168175677644 ], [ 95.851562202107488, 27.442041171147864 ], [ 95.853587119908894, 27.44355069872298 ], [ 95.855774031134416, 27.443191289268842 ], [ 95.856745991679105, 27.446174352267867 ], [ 95.854073100181225, 27.450630826234232 ], [ 95.853101139636564, 27.454799622746531 ], [ 95.853182136348607, 27.457243326747349 ], [ 95.855774031134416, 27.459615105310522 ], [ 95.856503001542933, 27.461555613458618 ], [ 95.859175893040813, 27.461843093242365 ], [ 95.860876823993976, 27.462993004880797 ], [ 95.86249675823511, 27.464574113798303 ], [ 95.865250646445034, 27.465292792172892 ], [ 95.86857151163936, 27.465652129603047 ], [ 95.870758422864881, 27.467520665355938 ], [ 95.87116340642514, 27.469461034340267 ], [ 95.871649386697513, 27.470682730618869 ], [ 95.870920416288996, 27.474527392291449 ], [ 95.871568389985455, 27.477401818049128 ], [ 95.873431314362719, 27.481282173861768 ], [ 95.872621347242159, 27.483797146287785 ], [ 95.873188324226589, 27.488108393983573 ], [ 95.872945334090389, 27.491198017676325 ], [ 95.875537228876212, 27.49435940334094 ], [ 95.879587064479026, 27.497161464742181 ], [ 95.882826932961294, 27.497017771020747 ], [ 95.885742814595332, 27.49687407711172 ], [ 95.886147798155619, 27.498742083297891 ], [ 95.884446867202428, 27.500897435658651 ], [ 95.882178959264849, 27.502406157197324 ], [ 95.880559025023715, 27.503807094392219 ], [ 95.87893909078258, 27.50481288445685 ], [ 95.877319156541446, 27.509410664822585 ], [ 95.876104205860614, 27.512356016901375 ], [ 95.877886133525863, 27.516235140774207 ], [ 95.877805136813777, 27.517528151664369 ], [ 95.87845311051025, 27.520257791400848 ], [ 95.877886133525863, 27.521766247451477 ], [ 95.877319156541446, 27.523921148771066 ], [ 95.877076166405288, 27.533330389660939 ], [ 95.876671182844987, 27.539399281837387 ], [ 95.87683317626913, 27.544354696679008 ], [ 95.875375235452111, 27.54643734055314 ], [ 95.869867459032236, 27.545575561669907 ], [ 95.864278685900373, 27.545360115892734 ], [ 95.860714830569847, 27.543780167282605 ], [ 95.858932902904627, 27.545144669693013 ], [ 95.857231971951435, 27.547873623667662 ], [ 95.853992103469167, 27.552110549431468 ], [ 95.84556844541531, 27.558070693700746 ], [ 95.841842596660683, 27.561660985904638 ], [ 95.838926715026645, 27.560153077480084 ], [ 95.836415816952908, 27.559650436735861 ], [ 95.833904918879171, 27.559794048611899 ], [ 95.831697758475585, 27.561625083563804 ], [ 95.828133903145101, 27.568015515251364 ], [ 95.825542008359278, 27.57182087645938 ], [ 95.823922074118173, 27.5739029993759 ], [ 95.820925195772077, 27.574620963634061 ], [ 95.818738284546527, 27.574620963634061 ], [ 95.817199347017464, 27.573256827526624 ], [ 95.815174429216057, 27.574118389146662 ], [ 95.813392501550794, 27.575841492090387 ], [ 95.812906521278464, 27.579502995987582 ], [ 95.811934560733775, 27.580579885639906 ], [ 95.811772567309703, 27.583954071419033 ], [ 95.813716488399052, 27.587471729043614 ], [ 95.815498416064301, 27.590343202633562 ], [ 95.81695635688132, 27.592245512473898 ], [ 95.818738284546527, 27.596121815269662 ], [ 95.815336422640186, 27.598347038276945 ], [ 95.809504659372124, 27.600069760546695 ], [ 95.803834889528147, 27.600643995285843 ], [ 95.799704057213276, 27.599710862306846 ], [ 95.795087244626046, 27.598131696089318 ], [ 95.790956412311147, 27.599208402796577 ], [ 95.789255481357984, 27.603515123849007 ], [ 95.790308438614701, 27.609113608176973 ], [ 95.78941747478207, 27.612774000946057 ], [ 95.786420596436002, 27.61413764541178 ], [ 95.783099731241677, 27.615860119417963 ], [ 95.780345843031739, 27.616649577617675 ], [ 95.778705659612598, 27.619125568694084 ], [ 95.777652702355894, 27.622570332717199 ], [ 95.779434630021143, 27.624795018552255 ], [ 95.784699416304818, 27.624866781858824 ], [ 95.789721212452307, 27.626302038111785 ], [ 95.790288189436694, 27.627880798256864 ], [ 95.789245356768973, 27.629100733683231 ], [ 95.78932635348103, 27.629710696297984 ], [ 95.788729002729625, 27.631520381553127 ], [ 95.788405015881366, 27.632298514589042 ], [ 95.788293645402319, 27.634323428518286 ], [ 95.78860750766151, 27.634502821079678 ], [ 95.788971992865768, 27.634144035662811 ], [ 95.789275730535991, 27.634386215948226 ], [ 95.789407350193088, 27.634637365307743 ], [ 95.789346602659037, 27.634969240363052 ], [ 95.789204858412958, 27.63534596217918 ], [ 95.789619966562242, 27.635872922067563 ], [ 95.790186943546644, 27.636115098526908 ], [ 95.791047533612229, 27.636985135459327 ], [ 95.791695507308674, 27.637101737821492 ], [ 95.79214098922499, 27.637137615446399 ], [ 95.792778838332424, 27.637433605403 ], [ 95.79328506778279, 27.637209370660905 ], [ 95.793497684151944, 27.637245248250533 ], [ 95.793568556274991, 27.637424636022132 ], [ 95.793447061206905, 27.637595054132767 ], [ 95.793507808740955, 27.637783410683085 ], [ 95.793872293945213, 27.637496391048437 ], [ 95.794176031615422, 27.63706586018483 ], [ 95.794419021751594, 27.637038951949613 ], [ 95.794722759421788, 27.637209370660905 ], [ 95.794884752845917, 27.637496391048437 ], [ 95.795649159315929, 27.637411181949467 ], [ 95.796054142876201, 27.637545722601718 ], [ 95.796236385478338, 27.63772510988073 ], [ 95.796256634656345, 27.638119760859343 ], [ 95.795993395342151, 27.638290177887352 ], [ 95.795861775685054, 27.639474120438692 ], [ 95.795264424933634, 27.641178257680046 ], [ 95.795021434797462, 27.64183748259796 ], [ 95.791019690992428, 27.644034870302001 ], [ 95.789015022369028, 27.644474342546243 ], [ 95.787200189789559, 27.644357748041259 ], [ 95.786764832462239, 27.645330859907624 ], [ 95.784555140911436, 27.646613381217673 ], [ 95.783603429544797, 27.646936251345913 ], [ 95.781305147840186, 27.647106654640474 ], [ 95.780138288957133, 27.6485393771041 ], [ 95.777941253142615, 27.650055038028917 ], [ 95.775749279622602, 27.650765777115716 ], [ 95.773309253671883, 27.652810527528896 ], [ 95.773046014357732, 27.653671463632985 ], [ 95.772185424292104, 27.654810399938793 ], [ 95.770907194929976, 27.656043486894728 ], [ 95.770319968767552, 27.657756333699684 ], [ 95.770785699861904, 27.658446845502571 ], [ 95.771413424380313, 27.659029741681678 ], [ 95.772377791483237, 27.660433163578411 ], [ 95.772468912784319, 27.661078821275179 ], [ 95.772853647166585, 27.66163480123598 ], [ 95.772995391412664, 27.662119039542947 ], [ 95.772124676758082, 27.663596401491628 ], [ 95.77220567347014, 27.664457252660597 ], [ 95.772519535729359, 27.66528895399081 ], [ 95.773147260247768, 27.666284297128417 ], [ 95.773430748739983, 27.667528463302759 ], [ 95.77350162086303, 27.669149220695815 ], [ 95.773825607711274, 27.669767926721871 ], [ 95.773531994630062, 27.671816805001537 ], [ 95.774443207640701, 27.673000384574593 ], [ 95.776227666453167, 27.674807112000991 ], [ 95.777321122065942, 27.675515448595451 ], [ 95.778090590830487, 27.675730638550032 ], [ 95.77849557439076, 27.676268611582 ], [ 95.77869806617089, 27.676887277293574 ], [ 95.779538407058482, 27.677290753043923 ], [ 95.780829292156838, 27.677584392791935 ], [ 95.782621344411112, 27.677898205390573 ], [ 95.783714800023873, 27.678014764126157 ], [ 95.785709344058262, 27.677996832021083 ], [ 95.786843298027023, 27.678328575488408 ], [ 95.787855756927726, 27.67923414036494 ], [ 95.788341737200099, 27.67959726080564 ], [ 95.789323822333756, 27.681758026611163 ], [ 95.78802787494088, 27.681905961295733 ], [ 95.787076163574199, 27.681439742216568 ], [ 95.786387691521725, 27.681574228693638 ], [ 95.786164950563546, 27.6824797666611 ], [ 95.786418065288757, 27.682999775169417 ], [ 95.786418065288757, 27.683699093052553 ], [ 95.785820714537337, 27.684281854534401 ], [ 95.785466353922061, 27.684730130481213 ], [ 95.784777881869616, 27.684981164207652 ], [ 95.784119783584146, 27.684514958256393 ], [ 95.783299691874561, 27.684658406453377 ], [ 95.783076950916424, 27.685321851913358 ], [ 95.783259193518546, 27.685958397146841 ], [ 95.783461685298676, 27.686343908653118 ], [ 95.783147823039457, 27.686913208039677 ], [ 95.782246734617843, 27.687029757154349 ], [ 95.780302813528465, 27.687164236747492 ], [ 95.778252584254574, 27.687388369034668 ], [ 95.774091378172685, 27.687056653086231 ], [ 95.771124873593621, 27.686796658800596 ], [ 95.770157975343466, 27.686644248069456 ], [ 95.769763116372189, 27.686671144096287 ], [ 95.768102683775027, 27.68689527739561 ], [ 95.767798946104804, 27.68745112599262 ], [ 95.767890067405887, 27.688464197608901 ], [ 95.76770782480375, 27.689118654805913 ], [ 95.76710034946332, 27.690400662329719 ], [ 95.766907982272201, 27.690638235497254 ], [ 95.766037267617591, 27.690692025576613 ], [ 95.765318421798071, 27.691167170126651 ], [ 95.76434646125341, 27.692251926349606 ], [ 95.764062972761209, 27.694044888210101 ], [ 95.764427457965468, 27.6949660109149 ], [ 95.764660323512629, 27.696191921290232 ], [ 95.765308297209089, 27.697357307784227 ], [ 95.76563228405729, 27.697810012258895 ], [ 95.765774028303397, 27.698213410703708 ], [ 95.765642408646301, 27.698715415575002 ], [ 95.764802067758723, 27.699145703626865 ], [ 95.764559077622565, 27.699728382659604 ], [ 95.765409543099153, 27.700185559414948 ], [ 95.766715615081068, 27.700436557603492 ], [ 95.767120598641327, 27.700732376156008 ], [ 95.76749520843461, 27.701456231808024 ], [ 95.768041936240991, 27.702083718890492 ], [ 95.766725739670093, 27.703450731827147 ], [ 95.765915772549533, 27.704920811873617 ], [ 95.765571536523282, 27.706570146397272 ], [ 95.764660323512658, 27.707090040154853 ], [ 95.763404874475754, 27.708022257240366 ], [ 95.762736651601301, 27.708739341885703 ], [ 95.762453163109114, 27.709277152276471 ], [ 95.76277714995733, 27.710083862891235 ], [ 95.76381492033056, 27.710688891937306 ], [ 95.764118658000754, 27.71120876606669 ], [ 95.762680966361785, 27.712571183064441 ], [ 95.762579720471678, 27.713126900900921 ], [ 95.763187195812108, 27.713592984645135 ], [ 95.764422395670991, 27.713772247093342 ], [ 95.764989372655378, 27.714336921879411 ], [ 95.764604638273113, 27.715107743058535 ], [ 95.76201274348729, 27.715484188631159 ], [ 95.760630737087808, 27.715878558789775 ], [ 95.758869058600581, 27.716165372554855 ], [ 95.7559126786105, 27.717742834779607 ], [ 95.754292744369366, 27.718459855520369 ], [ 95.75261206259421, 27.720198611237628 ], [ 95.752166580677894, 27.721861158428542 ], [ 95.752227328211916, 27.723564010672305 ], [ 95.752915800264404, 27.724729104777897 ], [ 95.754495236149509, 27.726104796017584 ], [ 95.756135419568679, 27.726785913593442 ], [ 95.759800520789227, 27.72725193895641 ], [ 95.76563228405729, 27.726534976034319 ], [ 95.766664992136029, 27.726732141307977 ], [ 95.768588664047357, 27.728201907564671 ], [ 95.772441070164575, 27.730487175490346 ], [ 95.776956636861726, 27.732010660821445 ], [ 95.779022053019176, 27.73312189551315 ], [ 95.779953515207822, 27.73453780717092 ], [ 95.780176256165959, 27.737562240388666 ], [ 95.778333580966688, 27.742392198159681 ], [ 95.79319141533459, 27.766534295058001 ], [ 95.802106115955326, 27.778130811733284 ], [ 95.812114272188794, 27.798387035992231 ], [ 95.812843242597324, 27.79922891099541 ], [ 95.82437008718189, 27.807795066119429 ], [ 95.826395004983283, 27.808780153047394 ], [ 95.828926152235056, 27.809442842863813 ], [ 95.835142649885398, 27.809263737906686 ], [ 95.837532052891063, 27.809765231042462 ], [ 95.837835790561257, 27.810069707888207 ], [ 95.837699108609684, 27.823125588365915 ], [ 95.837476367651533, 27.823931455474412 ], [ 95.84411809804017, 27.825937143194036 ], [ 95.848603290970317, 27.827665228339704 ], [ 95.852207644656829, 27.829348517988347 ], [ 95.854111067390164, 27.830046896456803 ], [ 95.859598594631976, 27.830315502363469 ], [ 95.867283157688377, 27.832052471177356 ], [ 95.870016796720279, 27.832589672398431 ], [ 95.870745767128795, 27.832840365391554 ], [ 95.872527694794044, 27.835235349612539 ], [ 95.879457975969359, 27.842317031069253 ], [ 95.882439667431981, 27.845034089549216 ], [ 95.884241844275238, 27.847164717119789 ], [ 95.884950565505704, 27.848981984030829 ], [ 95.886408506322724, 27.85136318423347 ], [ 95.886570499746838, 27.852688039901707 ], [ 95.887441214401463, 27.854460456629546 ], [ 95.887765201249707, 27.856259698520343 ], [ 95.888494171658209, 27.856707266492226 ], [ 95.889607876448977, 27.856796779864883 ], [ 95.890681082883731, 27.856868390509778 ], [ 95.89082282712981, 27.857369663699629 ], [ 95.890235600967429, 27.858443812729977 ], [ 95.890114105899329, 27.859052492455998 ], [ 95.890114105899329, 27.859446342222181 ], [ 95.890438092747559, 27.859983407779019 ], [ 95.891713790962456, 27.859661168764223 ], [ 95.892726249863145, 27.858998785558825 ], [ 95.893455220271647, 27.858551227047624 ], [ 95.894042446434085, 27.858211081343274 ], [ 95.894386682460294, 27.857853032080396 ], [ 95.894872662732652, 27.857441273966113 ], [ 95.895257397114918, 27.857477079081615 ], [ 95.895480138073054, 27.857674007005496 ], [ 95.895520636429097, 27.857996251927457 ], [ 95.895257397114918, 27.858551227047624 ], [ 95.895034656156767, 27.859285222036249 ], [ 95.894498052939383, 27.86054732374982 ], [ 95.894396807049318, 27.861281305222242 ], [ 95.894437305405376, 27.861728852461251 ], [ 95.89480179060962, 27.861979478107898 ], [ 95.895308020059957, 27.862265906708732 ], [ 95.89741393457345, 27.862265906708732 ], [ 95.898932622924491, 27.861872067187445 ], [ 95.900917042369869, 27.861872067187445 ], [ 95.903225448663505, 27.862033183528212 ], [ 95.904399900988295, 27.861836263523628 ], [ 95.90458214359046, 27.862283808471151 ], [ 95.904501146878374, 27.862802958295109 ], [ 95.903022956883333, 27.864396195676658 ], [ 95.90203074716068, 27.864807927371263 ], [ 95.901423271820249, 27.865685089678408 ], [ 95.901058786615991, 27.866401135277876 ], [ 95.900917042369869, 27.867170879020399 ], [ 95.901180281684063, 27.868244930918891 ], [ 95.901463770176264, 27.868567144412484 ], [ 95.902435730720953, 27.868996760913507 ], [ 95.903184950307477, 27.868835654925242 ], [ 95.904035415784037, 27.868048022201126 ], [ 95.905007376328726, 27.866920265378937 ], [ 95.905979336873429, 27.866043113069562 ], [ 95.90662731056986, 27.866240025430503 ], [ 95.90756383505304, 27.867649728473591 ], [ 95.90815106121542, 27.869010186401713 ], [ 95.907989067791348, 27.869421900565786 ], [ 95.907341094094903, 27.869833613165426 ], [ 95.907118353136724, 27.870442228925356 ], [ 95.907118353136724, 27.870710734791427 ], [ 95.90811056285942, 27.870907638670307 ], [ 95.909001526692052, 27.870657033671453 ], [ 95.910155729838834, 27.870137921472725 ], [ 95.910358221618992, 27.870657033671453 ], [ 95.910236726550892, 27.871426747181161 ], [ 95.91017597901687, 27.871892152697015 ], [ 95.909811493812612, 27.872268055692622 ], [ 95.914109381846103, 27.875749571454755 ], [ 95.914575112940412, 27.877485812564636 ], [ 95.914818103076584, 27.878398670438887 ], [ 95.916357040605661, 27.880215413707738 ], [ 95.916417788139725, 27.881074552620476 ], [ 95.91564831937518, 27.881736800880756 ], [ 95.915223086636857, 27.882631724528196 ], [ 95.915162339102849, 27.883025488590171 ], [ 95.915223086636857, 27.883490844271993 ], [ 95.916316542249646, 27.88392040158795 ], [ 95.916863270055998, 27.883526640780087 ], [ 95.91732900115035, 27.883061285252072 ], [ 95.917774483066665, 27.882291654413358 ], [ 95.918280712517003, 27.881378829351043 ], [ 95.918786941967369, 27.880967160629101 ], [ 95.919313420595742, 27.880716578901769 ], [ 95.921399085931171, 27.881199843142486 ], [ 95.923079767706355, 27.881647308109262 ], [ 95.924578206879417, 27.88171890233237 ], [ 95.92498319043969, 27.88202317725256 ], [ 95.924902193727632, 27.882381146652374 ], [ 95.924436462633309, 27.8827033181005 ], [ 95.922533039899989, 27.883258166681056 ], [ 95.921439584287228, 27.883544539029685 ], [ 95.920265131962395, 27.884403651531606 ], [ 95.919718404156015, 27.884886899318619 ], [ 95.917126509370192, 27.8848511032602 ], [ 95.916316542249646, 27.885119573409845 ], [ 95.915405329238979, 27.886622993946748 ], [ 95.915162339102849, 27.88758946755426 ], [ 95.915223086636857, 27.889231558022143 ], [ 95.91625579471561, 27.89010852256532 ], [ 95.917430247040429, 27.890090625400756 ], [ 95.918705945255311, 27.889392633674888 ], [ 95.921642076067343, 27.887925046650167 ], [ 95.922553289077982, 27.887763968813939 ], [ 95.923221511952434, 27.888104021742674 ], [ 95.923241761130484, 27.888533560757601 ], [ 95.922938023460262, 27.889303147230724 ], [ 95.922634285790039, 27.889607400839083 ], [ 95.920730863056718, 27.891356842493284 ], [ 95.919515912375871, 27.892627518961913 ], [ 95.919131177993577, 27.892878073124759 ], [ 95.919029932103541, 27.894202421208249 ], [ 95.919191925527642, 27.895150930822961 ], [ 95.919374168129764, 27.895544649353855 ], [ 95.920244882784388, 27.895705715612788 ], [ 95.922624161201071, 27.895786248652374 ], [ 95.923980856128011, 27.895499908683842 ], [ 95.925297052698951, 27.895374634709402 ], [ 95.925580541191152, 27.895804144875253 ], [ 95.925297052698951, 27.897826399000579 ], [ 95.925702036259224, 27.898578023644863 ], [ 95.926269013243598, 27.898846459752697 ], [ 95.927159977076229, 27.898900146894366 ], [ 95.927787701594681, 27.898434857448422 ], [ 95.927990193374811, 27.898023253578646 ], [ 95.927605458992559, 27.896179964872186 ], [ 95.927767452416674, 27.895625182513296 ], [ 95.927990193374811, 27.895213567957772 ], [ 95.928638167071284, 27.89514198265789 ], [ 95.929184894877636, 27.895159878987307 ], [ 95.92999486199821, 27.895660975009356 ], [ 95.931351556925151, 27.896591575752428 ], [ 95.934611674585426, 27.897217937131806 ], [ 95.936353103894646, 27.897701127719014 ], [ 95.936980828413112, 27.897969566001965 ], [ 95.937385811973385, 27.898345378479462 ], [ 95.937325064439335, 27.898989625404621 ], [ 95.93667709074289, 27.899383329970814 ], [ 95.93157429788333, 27.900170734806125 ], [ 95.930096107888303, 27.901244459438942 ], [ 95.929468383369823, 27.902273435547734 ], [ 95.929427885013808, 27.903025029303997 ], [ 95.930561838982584, 27.903275559395887 ], [ 95.932627255140034, 27.903472404061144 ], [ 95.933943451710931, 27.90341871918795 ], [ 95.935543136774058, 27.903776617839402 ], [ 95.936677090742847, 27.903973461593075 ], [ 95.939734716622979, 27.905154516594372 ], [ 95.940686427989661, 27.905780828409103 ], [ 95.940868670591797, 27.906174508265384 ], [ 95.940564932921561, 27.906836602974778 ], [ 95.939997955937173, 27.906836602974778 ], [ 95.939127241282549, 27.907087124240579 ], [ 95.93773004799958, 27.907283961970993 ], [ 95.935745628554201, 27.907248173319374 ], [ 95.935138153213785, 27.907641847835968 ], [ 95.93497615978967, 27.908268145250705 ], [ 95.935097654857742, 27.909162849553116 ], [ 95.936094926874944, 27.910263325696043 ], [ 95.937552867691949, 27.91214216152779 ], [ 95.938119844676379, 27.912857899926536 ], [ 95.938990559331003, 27.912857899926536 ], [ 95.9400232674097, 27.91151588654348 ], [ 95.941946939321042, 27.910728564275473 ], [ 95.943141640823868, 27.91128326919716 ], [ 95.943728866986305, 27.911784290552237 ], [ 95.944964066845159, 27.915631341482726 ], [ 95.946138519169963, 27.916883840161869 ], [ 95.950254164601361, 27.919187505209422 ], [ 95.952036092266596, 27.919921089212785 ], [ 95.952501823360933, 27.920475746984195 ], [ 95.952501823360933, 27.920887265427506 ], [ 95.952279082402754, 27.921280890298934 ], [ 95.949525194192844, 27.923043238628331 ], [ 95.948573482826191, 27.923526313864336 ], [ 95.948269745155955, 27.924009386941698 ], [ 95.94865447953822, 27.924921852420365 ], [ 95.95327129212545, 27.928929452727544 ], [ 95.953944577294436, 27.930208633148041 ], [ 95.954531803456831, 27.930924251953854 ], [ 95.954450806744802, 27.931425182298476 ], [ 95.954005324828486, 27.931854549317226 ], [ 95.952425888943367, 27.931460962948528 ], [ 95.950522466210032, 27.930888471126107 ], [ 95.94910502374907, 27.931174717416408 ], [ 95.94778882717813, 27.932570157224195 ], [ 95.947545837041986, 27.933357320448579 ], [ 95.947525587863936, 27.934752732072287 ], [ 95.947566086219993, 27.936076567467953 ], [ 95.948052066492323, 27.937203603738645 ], [ 95.949712499089458, 27.938929914278209 ], [ 95.954835541127039, 27.941380691188048 ], [ 95.957184445776704, 27.944028183330026 ], [ 95.959113179982538, 27.946291022137327 ], [ 95.962737782847071, 27.950405153049616 ], [ 95.96500569078465, 27.951925553068552 ], [ 95.99547057910695, 27.958892288740095 ], [ 95.982794593670079, 27.959786573980629 ], [ 95.939962519875664, 27.962853916064574 ], [ 95.823792985608577, 27.971653037559136 ], [ 95.605749836752395, 27.955055720990643 ], [ 95.594086310216269, 27.945611281074093 ], [ 95.587930560099963, 27.941890517354619 ], [ 95.586310625858829, 27.936166015220504 ], [ 95.578534941501417, 27.940173198564036 ], [ 95.567843375509966, 27.936166015220504 ], [ 95.565575467572387, 27.932158683256699 ], [ 95.564927493875928, 27.92786494838845 ], [ 95.564401015247526, 27.921996568211782 ], [ 95.563429054702866, 27.919276966939723 ], [ 95.559865199372382, 27.918131851201988 ], [ 95.55451941637665, 27.914410141303371 ], [ 95.54479981092986, 27.911260902118265 ], [ 95.542693896416367, 27.908970488752583 ], [ 95.542045922719922, 27.905964247611291 ], [ 95.544637817505745, 27.900381006718963 ], [ 95.542207916144037, 27.898090363012042 ], [ 95.539940008206457, 27.896658686073593 ], [ 95.537024126572433, 27.897374526910227 ], [ 95.53265030412139, 27.897660861919132 ], [ 95.530382396183796, 27.895226990196218 ], [ 95.525198606612193, 27.88978637315045 ], [ 95.52098677758525, 27.882627249928333 ], [ 95.384304825989872, 27.842312554804742 ], [ 95.310435824594322, 27.869381624249197 ], [ 95.137426847641592, 27.817314214014338 ], [ 95.129975150132395, 27.814018874353732 ], [ 95.022492513233402, 27.781382451966564 ], [ 94.996735558799386, 27.773499519951056 ], [ 94.90164541884505, 27.782529012667105 ], [ 94.874592517018172, 27.735366734255422 ], [ 94.853735863663601, 27.731316133385302 ], [ 94.846284166154419, 27.710953310985133 ], [ 94.838508481796964, 27.707941584922807 ], [ 94.834134659345935, 27.700770473941603 ], [ 94.827816915805542, 27.697758466794621 ], [ 94.81501943530057, 27.696467581142148 ], [ 94.806271790398498, 27.699049337179339 ], [ 94.798982086313416, 27.700340192295808 ], [ 94.792340355924779, 27.702635008135363 ], [ 94.79055842825953, 27.700340192295808 ], [ 94.793757798385755, 27.695696628262393 ], [ 94.791287398668018, 27.689959133465919 ], [ 94.780514835964496, 27.685691676180237 ], [ 94.770876227229778, 27.684795130340742 ], [ 94.766016424506375, 27.678554967411358 ], [ 94.755962707622373, 27.666279813621085 ], [ 94.7426792468451, 27.66319511698919 ], [ 94.72078988541179, 27.669902427568331 ], [ 94.715970581044431, 27.658854873154276 ], [ 94.708356890111119, 27.656523266061299 ], [ 94.70761779511362, 27.653599719216533 ], [ 94.69306876071046, 27.65027252019577 ], [ 94.681850716090622, 27.649411557332272 ], [ 94.668931740517621, 27.65034426679512 ], [ 94.645503441555263, 27.636424545445003 ], [ 94.634032282210256, 27.625499193964146 ], [ 94.623462211286878, 27.627687939573576 ], [ 94.606645268946124, 27.619865663854789 ], [ 94.603931879092244, 27.622987464754516 ], [ 94.600833754856055, 27.62174951987458 ], [ 94.586173349973805, 27.619847722213077 ], [ 94.573740354673163, 27.607072527234145 ], [ 94.539053512734938, 27.598871933086794 ], [ 94.526316779764045, 27.59579430887635 ], [ 94.500144717180774, 27.577219057529096 ], [ 94.488602685712735, 27.577111365740244 ], [ 94.478903329443952, 27.57714726301494 ], [ 94.462137010048252, 27.559717754826146 ], [ 94.458694649785841, 27.563128484036959 ], [ 94.45683172540852, 27.563990125175113 ], [ 94.454482820758912, 27.563667010540918 ], [ 94.449410401666356, 27.569922699804394 ], [ 94.449126913174169, 27.573099771293929 ], [ 94.447506978933021, 27.575504950673309 ], [ 94.443254651550049, 27.577802386214888 ], [ 94.442485182785532, 27.5793818452401 ], [ 94.436207937601154, 27.584227770766976 ], [ 94.430933026728454, 27.602936418050973 ], [ 94.416961093898692, 27.595040591815675 ], [ 94.403839626545576, 27.587287772703789 ], [ 94.376300744446368, 27.584846956935142 ], [ 94.372898882539985, 27.579390819374137 ], [ 94.353621665070506, 27.57867288633156 ], [ 94.344064053047845, 27.584559798567206 ], [ 94.338394283203911, 27.581113839505093 ], [ 94.327540723788317, 27.588149224121732 ], [ 94.312637328769938, 27.589584961445514 ], [ 94.297895927175659, 27.604228408185801 ], [ 94.286556387487735, 27.591738532181267 ], [ 94.275702828072156, 27.594179194543397 ], [ 94.272462959589873, 27.604084854478625 ], [ 94.25476517800557, 27.614563780825748 ], [ 94.266752691389939, 27.632791852553119 ], [ 94.252011289795661, 27.640684957524094 ], [ 94.235001980263775, 27.632074269324793 ], [ 94.217506690459544, 27.609109122326476 ], [ 94.211512933767366, 27.611118764953154 ], [ 94.224634401120539, 27.598629674256141 ], [ 94.221394532638271, 27.587862074401052 ], [ 94.226092341937559, 27.575801107174847 ], [ 94.256223118822589, 27.557132710518822 ], [ 94.263674816331786, 27.525748292428737 ], [ 94.213132868008501, 27.498593901272486 ], [ 94.189886811648293, 27.496222961735874 ], [ 94.157164139977453, 27.478834511632378 ], [ 94.160404008459707, 27.46561170420064 ], [ 94.116827777373302, 27.431181847849651 ], [ 94.106622191654196, 27.417809529582563 ], [ 94.085725039943583, 27.404579406515818 ], [ 94.074385500255659, 27.386025805470027 ], [ 94.061223534546514, 27.363261031676206 ], [ 94.009709625678553, 27.338944665792116 ], [ 93.999423043247347, 27.334123923897319 ], [ 93.964594457063072, 27.30159642683952 ], [ 93.900931041386627, 27.241985932793924 ], [ 93.868491858208003, 27.19945434023191 ], [ 93.807703825809568, 27.15024006162318 ], [ 93.80527392444786, 27.137843002249394 ], [ 93.798267708854979, 27.136113070684431 ], [ 93.813414094009545, 27.131932292217435 ], [ 93.813171103873373, 27.123930711355545 ], [ 93.825482604105972, 27.119316927059998 ], [ 93.828236492315881, 27.096930163546961 ], [ 93.834878222704518, 27.075043767416084 ], [ 93.818597883581162, 27.065739852983526 ], [ 93.812604126888971, 27.070644338219456 ], [ 93.805152429379788, 27.061917090727 ], [ 93.799806646384056, 27.055281043059384 ], [ 93.791544981754285, 27.054343309014481 ], [ 93.785551225062079, 27.047706813304146 ], [ 93.777816039060667, 27.048247846671483 ], [ 93.773523213321681, 27.048897083269051 ], [ 93.768582413886207, 27.043053818670845 ], [ 93.718769435971438, 27.019172625663646 ], [ 93.705546722728243, 27.008601231936826 ], [ 93.698176021931104, 26.994672895185726 ], [ 93.694693163312664, 26.989620740508652 ], [ 93.674018752560229, 26.9731996709776 ], [ 93.658791370693606, 26.967352470065745 ], [ 93.630159032981609, 26.963418071411173 ], [ 93.616794575492264, 26.961324482155103 ], [ 93.602539154170316, 26.957281578984656 ], [ 93.58820273613631, 26.95157795101262 ], [ 93.558517441167595, 26.950855952201756 ], [ 93.549364812705207, 26.950494951061593 ], [ 93.521582940469827, 26.947245888760381 ], [ 93.488840019620952, 26.939176978943181 ], [ 93.48665310839543, 26.94278730081907 ], [ 93.476022289938015, 26.940693328213385 ], [ 93.469785543109651, 26.937516192056641 ], [ 93.466707668051498, 26.939249186513756 ], [ 93.461523878479881, 26.940332294522726 ], [ 93.449941348655784, 26.951379401800782 ], [ 93.390935243922613, 26.959970847698123 ], [ 93.327798306874541, 26.961198143627406 ], [ 93.267901238308724, 26.95600009278531 ], [ 93.108540207337455, 26.927352365525802 ], [ 93.090963920821181, 26.916519570685626 ], [ 93.061724107768782, 26.923091590314399 ], [ 93.018674355310736, 26.918036224573019 ], [ 92.917448714418072, 26.965222858500546 ], [ 92.916800740721612, 26.984135287104362 ], [ 92.872617034294763, 27.007627026163657 ], [ 92.769123485464505, 27.033350441922366 ], [ 92.72903011299654, 27.029959473134504 ], [ 92.702179702949763, 27.027722820659708 ], [ 92.658684468575416, 27.038184199115872 ], [ 92.639204759325821, 27.018920078364541 ], [ 92.645441506154171, 26.987256975945211 ], [ 92.627055252517337, 26.979605977643786 ], [ 92.584997709781987, 26.961811786577414 ], [ 92.51651498973817, 26.962966870119846 ], [ 92.460100779790778, 26.963688791318337 ], [ 92.445926355180859, 26.960367915491492 ], [ 92.426061911549027, 26.943364941589568 ], [ 92.411968483651165, 26.944159192815835 ], [ 92.399575986706552, 26.926395510528302 ], [ 92.363977931757702, 26.932966954879635 ], [ 92.352962378917994, 26.935783170963315 ], [ 92.313435983434417, 26.926467726282972 ], [ 92.303027905935139, 26.924120690592417 ], [ 92.303756876343655, 26.909315186386308 ], [ 92.275732013972089, 26.902525671607098 ], [ 92.254510875413274, 26.912204217772342 ], [ 92.195681950982532, 26.891418472562748 ] ] ] ] } }
]
}
